deviceid,company_name,totalLocations
140000,Personal MI,512
170073,Personal MI,211
36792,MEALS DE COLOMBIA S.A.S.,532
39015,MEALS DE COLOMBIA S.A.S.,536
39021,MEALS DE COLOMBIA S.A.S.,522
39035,MEALS DE COLOMBIA S.A.S.,653
39036,MEALS DE COLOMBIA S.A.S.,626
39037,MEALS DE COLOMBIA S.A.S.,682
39043,MEALS DE COLOMBIA S.A.S.,667
39058,MEALS DE COLOMBIA S.A.S.,726
39065,MEALS DE COLOMBIA S.A.S.,522
39066,MEALS DE COLOMBIA S.A.S.,659
39070,MEALS DE COLOMBIA S.A.S.,512
39071,MEALS DE COLOMBIA S.A.S.,595
39073,MEALS DE COLOMBIA S.A.S.,518
39081,MEALS DE COLOMBIA S.A.S.,491
39083,MEALS DE COLOMBIA S.A.S.,480
39086,MEALS DE COLOMBIA S.A.S.,666
39087,MEALS DE COLOMBIA S.A.S.,576
39088,MEALS DE COLOMBIA S.A.S.,595
39089,MEALS DE COLOMBIA S.A.S.,570
39091,MEALS DE COLOMBIA S.A.S.,618
39108,MEALS DE COLOMBIA S.A.S.,630
39125,MEALS DE COLOMBIA S.A.S.,590
39154,MEALS DE COLOMBIA S.A.S.,609
39157,MEALS DE COLOMBIA S.A.S.,510
39158,MEALS DE COLOMBIA S.A.S.,572
39190,MEALS DE COLOMBIA S.A.S.,512
39194,MEALS DE COLOMBIA S.A.S.,731
39209,MEALS DE COLOMBIA S.A.S.,781
39211,MEALS DE COLOMBIA S.A.S.,768
39213,MEALS DE COLOMBIA S.A.S.,608
39215,MEALS DE COLOMBIA S.A.S.,594
39216,MEALS DE COLOMBIA S.A.S.,621
39229,MEALS DE COLOMBIA S.A.S.,609
39230,MEALS DE COLOMBIA S.A.S.,686
39231,MEALS DE COLOMBIA S.A.S.,751
39236,MEALS DE COLOMBIA S.A.S.,724
39237,MEALS DE COLOMBIA S.A.S.,652
39239,MEALS DE COLOMBIA S.A.S.,846
39255,MEALS DE COLOMBIA S.A.S.,690
39257,MEALS DE COLOMBIA S.A.S.,552
39266,MEALS DE COLOMBIA S.A.S.,787
39271,MEALS DE COLOMBIA S.A.S.,605
39272,MEALS DE COLOMBIA S.A.S.,546
39273,MEALS DE COLOMBIA S.A.S.,646
39286,MEALS DE COLOMBIA S.A.S.,668
39289,MEALS DE COLOMBIA S.A.S.,338
39293,MEALS DE COLOMBIA S.A.S.,623
39374,MEALS DE COLOMBIA S.A.S.,726
39425,MEALS DE COLOMBIA S.A.S.,670
39548,MEALS DE COLOMBIA S.A.S.,717
160675,MEALS DE COLOMBIA S.A.S.,531
160676,MEALS DE COLOMBIA S.A.S.,289
160768,MEALS DE COLOMBIA S.A.S.,534
160809,MEALS DE COLOMBIA S.A.S.,459
161023,MEALS DE COLOMBIA S.A.S.,545
161037,MEALS DE COLOMBIA S.A.S.,416
161141,MEALS DE COLOMBIA S.A.S.,602
161144,MEALS DE COLOMBIA S.A.S.,456
180173,MEALS DE COLOMBIA S.A.S.,535
180218,MEALS DE COLOMBIA S.A.S.,604
180219,MEALS DE COLOMBIA S.A.S.,553
180259,MEALS DE COLOMBIA S.A.S.,585
180314,MEALS DE COLOMBIA S.A.S.,677
180315,MEALS DE COLOMBIA S.A.S.,474
200056,MEALS DE COLOMBIA S.A.S.,358
200064,MEALS DE COLOMBIA S.A.S.,471
200213,MEALS DE COLOMBIA S.A.S.,339
200220,MEALS DE COLOMBIA S.A.S.,435
200280,MEALS DE COLOMBIA S.A.S.,419
200281,MEALS DE COLOMBIA S.A.S.,451
200282,MEALS DE COLOMBIA S.A.S.,436
200291,MEALS DE COLOMBIA S.A.S.,801
200352,MEALS DE COLOMBIA S.A.S.,343
200353,MEALS DE COLOMBIA S.A.S.,448
201003,MEALS DE COLOMBIA S.A.S.,3000
201004,MEALS DE COLOMBIA S.A.S.,576
201025,MEALS DE COLOMBIA S.A.S.,795
201033,MEALS DE COLOMBIA S.A.S.,509
201058,MEALS DE COLOMBIA S.A.S.,409
201059,MEALS DE COLOMBIA S.A.S.,291
201081,MEALS DE COLOMBIA S.A.S.,397
201085,MEALS DE COLOMBIA S.A.S.,849
201140,MEALS DE COLOMBIA S.A.S.,362
201141,MEALS DE COLOMBIA S.A.S.,307
201157,MEALS DE COLOMBIA S.A.S.,1975
201158,MEALS DE COLOMBIA S.A.S.,291
201168,MEALS DE COLOMBIA S.A.S.,315
201169,MEALS DE COLOMBIA S.A.S.,1292
201170,MEALS DE COLOMBIA S.A.S.,413
201174,MEALS DE COLOMBIA S.A.S.,359
201175,MEALS DE COLOMBIA S.A.S.,456
201189,MEALS DE COLOMBIA S.A.S.,329
201203,MEALS DE COLOMBIA S.A.S.,1471
201210,MEALS DE COLOMBIA S.A.S.,357
201211,MEALS DE COLOMBIA S.A.S.,623
201233,MEALS DE COLOMBIA S.A.S.,295
201234,MEALS DE COLOMBIA S.A.S.,965
261075,MEALS DE COLOMBIA S.A.S.,454
261076,MEALS DE COLOMBIA S.A.S.,347
261114,MEALS DE COLOMBIA S.A.S.,313
261115,MEALS DE COLOMBIA S.A.S.,660
600135,MEALS DE COLOMBIA S.A.S.,365
600136,MEALS DE COLOMBIA S.A.S.,391
601195,MEALS DE COLOMBIA S.A.S.,652
601202,MEALS DE COLOMBIA S.A.S.,1899
601348,MEALS DE COLOMBIA S.A.S.,689
601587,MEALS DE COLOMBIA S.A.S.,347
603746,MEALS DE COLOMBIA S.A.S.,697
903808,MEALS DE COLOMBIA S.A.S.,708
903980,MEALS DE COLOMBIA S.A.S.,512
904862,MEALS DE COLOMBIA S.A.S.,0
905418,MEALS DE COLOMBIA S.A.S.,0
905457,MEALS DE COLOMBIA S.A.S.,0
905629,MEALS DE COLOMBIA S.A.S.,0
200053,COMESTIBLES DAN S A,289
200055,COMESTIBLES DAN S A,291
200137,COMESTIBLES DAN S A,289
200223,COMESTIBLES DAN S A,288
200227,COMESTIBLES DAN S A,319
201008,COMESTIBLES DAN S A,291
201047,COMESTIBLES DAN S A,290
210009,COMESTIBLES DAN S A,291
210010,COMESTIBLES DAN S A,292
10840,TEAM FOODS COLOMBIA S.A.,319
200011,TEAM FOODS COLOMBIA S.A.,0
200013,TEAM FOODS COLOMBIA S.A.,0
201039,TEAM FOODS COLOMBIA S.A.,290
201040,TEAM FOODS COLOMBIA S.A.,290
201041,TEAM FOODS COLOMBIA S.A.,290
201049,TEAM FOODS COLOMBIA S.A.,290
201099,TEAM FOODS COLOMBIA S.A.,407
201164,TEAM FOODS COLOMBIA S.A.,339
201165,TEAM FOODS COLOMBIA S.A.,291
201208,TEAM FOODS COLOMBIA S.A.,315
601184,TEAM FOODS COLOMBIA S.A.,548
602650,TEAM FOODS COLOMBIA S.A.,359
200295,DHL GLOBAL FORWARDING ZONA FRANCA (COLOMBIA) S.A,596
200321,DHL GLOBAL FORWARDING ZONA FRANCA (COLOMBIA) S.A,755
201031,DHL GLOBAL FORWARDING ZONA FRANCA (COLOMBIA) S.A,629
201151,DHL GLOBAL FORWARDING ZONA FRANCA (COLOMBIA) S.A,291
604133,DHL GLOBAL FORWARDING ZONA FRANCA (COLOMBIA) S.A,291
905084,DHL GLOBAL FORWARDING ZONA FRANCA (COLOMBIA) S.A,498
905169,DHL GLOBAL FORWARDING ZONA FRANCA (COLOMBIA) S.A,341
140057,FRIGORIFICO GUADALUPE S.A.S.,294
200054,FRIGORIFICO GUADALUPE S.A.S.,298
200059,FRIGORIFICO GUADALUPE S.A.S.,298
200063,FRIGORIFICO GUADALUPE S.A.S.,303
200065,FRIGORIFICO GUADALUPE S.A.S.,0
200075,FRIGORIFICO GUADALUPE S.A.S.,0
200078,FRIGORIFICO GUADALUPE S.A.S.,318
200081,FRIGORIFICO GUADALUPE S.A.S.,298
200082,FRIGORIFICO GUADALUPE S.A.S.,298
200084,FRIGORIFICO GUADALUPE S.A.S.,297
200085,FRIGORIFICO GUADALUPE S.A.S.,285
200102,FRIGORIFICO GUADALUPE S.A.S.,298
200109,FRIGORIFICO GUADALUPE S.A.S.,298
200112,FRIGORIFICO GUADALUPE S.A.S.,298
200129,FRIGORIFICO GUADALUPE S.A.S.,298
200131,FRIGORIFICO GUADALUPE S.A.S.,298
200188,FRIGORIFICO GUADALUPE S.A.S.,343
200290,FRIGORIFICO GUADALUPE S.A.S.,296
10897,COLOMBINA S.A.,0
201015,COLOMBINA S.A.,366
201023,COLOMBINA S.A.,353
201034,COLOMBINA S.A.,315
201035,COLOMBINA S.A.,505
201036,COLOMBINA S.A.,292
201115,COLOMBINA S.A.,369
201120,COLOMBINA S.A.,389
201153,COLOMBINA S.A.,291
201154,COLOMBINA S.A.,613
201166,COLOMBINA S.A.,347
201167,COLOMBINA S.A.,293
201171,COLOMBINA S.A.,325
201172,COLOMBINA S.A.,338
201212,COLOMBINA S.A.,431
210038,COLOMBINA S.A.,298
210039,COLOMBINA S.A.,353
261027,COLOMBINA S.A.,339
261028,COLOMBINA S.A.,316
261029,COLOMBINA S.A.,344
261134,COLOMBINA S.A.,351
500219,COLOMBINA S.A.,555
902804,COLOMBINA S.A.,644
903240,COLOMBINA S.A.,380
201209,REFRILOGISTICA S . A . S .,291
904340,REFRILOGISTICA S . A . S .,296
904361,REFRILOGISTICA S . A . S .,297
200092,UPS SCS (COLOMBIA) LTDA,395
200095,UPS SCS (COLOMBIA) LTDA,324
200097,UPS SCS (COLOMBIA) LTDA,290
200098,UPS SCS (COLOMBIA) LTDA,483
200099,UPS SCS (COLOMBIA) LTDA,290
200100,UPS SCS (COLOMBIA) LTDA,387
200101,UPS SCS (COLOMBIA) LTDA,290
201159,UPS SCS (COLOMBIA) LTDA,291
261117,UPS SCS (COLOMBIA) LTDA,0
261129,UPS SCS (COLOMBIA) LTDA,621
31258,Hugo Alberto Marin Salazar,847
31260,Hugo Alberto Marin Salazar,123
31263,Hugo Alberto Marin Salazar,0
151769,Hugo Alberto Marin Salazar,0
603639,Hugo Alberto Marin Salazar,0
701273,Hugo Alberto Marin Salazar,202
10605,CJBAKERY S.A,148
904891,CJBAKERY S.A,0
201010,LA RECETTA SOLUCIONES GASTRONOMICAS INTEGRADAS S A S,448
201011,LA RECETTA SOLUCIONES GASTRONOMICAS INTEGRADAS S A S,351
201054,LA RECETTA SOLUCIONES GASTRONOMICAS INTEGRADAS S A S,331
201055,LA RECETTA SOLUCIONES GASTRONOMICAS INTEGRADAS S A S,487
201056,LA RECETTA SOLUCIONES GASTRONOMICAS INTEGRADAS S A S,541
201057,LA RECETTA SOLUCIONES GASTRONOMICAS INTEGRADAS S A S,421
171307,Oscar Daniel Medina Peña,214
30263,Guillermo Leon Osorno,3
30266,Guillermo Leon Osorno,82
31058,Carlos Arturo Diaz Cortez,588
601278,AGROPECUARIA EL CAPORAL,629
601885,AGROPECUARIA EL CAPORAL,629
701266,AGROPECUARIA EL CAPORAL,394
172706,Aldemar Cano Peña,24
151294,Maria Herly Castillo Guzman,84
181633,Maria Herly Castillo Guzman,123
150417,Jose Enrique Coconubo Estupiñan,97
30119,Gilberto Caballero Moreno,233
30243,Gilberto Caballero Moreno,431
151779,Jose Berlau Garcia,175
30602,Roberto Julio Lasso Salas,11
30582,Rito Antonio Zambrano Pinto,28
30066,INTERNACIONAL DE ABASTOS Y LICORES S.A.S.,365
30096,INTERNACIONAL DE ABASTOS Y LICORES S.A.S.,159
31519,INTERNACIONAL DE ABASTOS Y LICORES S.A.S.,394
602166,INTERNACIONAL DE ABASTOS Y LICORES S.A.S.,393
702351,INTERNACIONAL DE ABASTOS Y LICORES S.A.S.,0
702352,INTERNACIONAL DE ABASTOS Y LICORES S.A.S.,0
151998,PISCICOLA DE OCCIDENTE S.A.S.,0
160758,PISCICOLA DE OCCIDENTE S.A.S.,337
172166,PISCICOLA DE OCCIDENTE S.A.S.,177
601270,PISCICOLA DE OCCIDENTE S.A.S.,44
601423,PISCICOLA DE OCCIDENTE S.A.S.,1163
160833,PLAFA S.A,605
160850,PLAFA S.A,288
160851,PLAFA S.A,495
181627,PLAFA S.A,356
201106,PLAFA S.A,379
201107,PLAFA S.A,333
201187,PLAFA S.A,339
210003,PLAFA S.A,345
210004,PLAFA S.A,436
210005,PLAFA S.A,345
261141,PLAFA S.A,321
261142,PLAFA S.A,319
261143,PLAFA S.A,296
602445,PLAFA S.A,467
604054,PLAFA S.A,101
171084,Francisco Javier Abello Duarte,38
152001,Carlos Andres Betancur Sanchez,233
152029,Carlos Andres Betancur Sanchez,180
30325,INVERSIONES PAYSANDU S.A.S.,221
30351,INVERSIONES PAYSANDU S.A.S.,163
30470,INVERSIONES PAYSANDU S.A.S.,74
31447,INVERSIONES PAYSANDU S.A.S.,249
31503,INVERSIONES PAYSANDU S.A.S.,375
37200,INVERSIONES PAYSANDU S.A.S.,418
151019,INVERSIONES PAYSANDU S.A.S.,277
151213,INVERSIONES PAYSANDU S.A.S.,183
151718,INVERSIONES PAYSANDU S.A.S.,212
152393,INVERSIONES PAYSANDU S.A.S.,365
152430,INVERSIONES PAYSANDU S.A.S.,319
152704,INVERSIONES PAYSANDU S.A.S.,209
160018,INVERSIONES PAYSANDU S.A.S.,531
160189,INVERSIONES PAYSANDU S.A.S.,360
160275,INVERSIONES PAYSANDU S.A.S.,329
160453,INVERSIONES PAYSANDU S.A.S.,289
160689,INVERSIONES PAYSANDU S.A.S.,439
160794,INVERSIONES PAYSANDU S.A.S.,514
161034,INVERSIONES PAYSANDU S.A.S.,0
161133,INVERSIONES PAYSANDU S.A.S.,311
161238,INVERSIONES PAYSANDU S.A.S.,192
161263,INVERSIONES PAYSANDU S.A.S.,475
161311,INVERSIONES PAYSANDU S.A.S.,295
161441,INVERSIONES PAYSANDU S.A.S.,145
170621,INVERSIONES PAYSANDU S.A.S.,397
171096,INVERSIONES PAYSANDU S.A.S.,423
171100,INVERSIONES PAYSANDU S.A.S.,343
171666,INVERSIONES PAYSANDU S.A.S.,180
172037,INVERSIONES PAYSANDU S.A.S.,347
172416,INVERSIONES PAYSANDU S.A.S.,222
172455,INVERSIONES PAYSANDU S.A.S.,308
181330,INVERSIONES PAYSANDU S.A.S.,289
400788,INVERSIONES PAYSANDU S.A.S.,326
400789,INVERSIONES PAYSANDU S.A.S.,696
401053,INVERSIONES PAYSANDU S.A.S.,321
401054,INVERSIONES PAYSANDU S.A.S.,541
601588,INVERSIONES PAYSANDU S.A.S.,412
601904,INVERSIONES PAYSANDU S.A.S.,373
602356,INVERSIONES PAYSANDU S.A.S.,0
602713,INVERSIONES PAYSANDU S.A.S.,336
701265,INVERSIONES PAYSANDU S.A.S.,301
902200,INVERSIONES PAYSANDU S.A.S.,239
903317,INVERSIONES PAYSANDU S.A.S.,496
904071,INVERSIONES PAYSANDU S.A.S.,357
905079,INVERSIONES PAYSANDU S.A.S.,419
905162,INVERSIONES PAYSANDU S.A.S.,382
905294,INVERSIONES PAYSANDU S.A.S.,0
2141462656,INVERSIONES PAYSANDU S.A.S.,0
30462,German Archila Rodriguez,202
31401,German Alberto Penagos,138
37677,RECUPERACIONES NARANJO RECYCLING SAS,160
37708,RECUPERACIONES NARANJO RECYCLING SAS,883
39738,RECUPERACIONES NARANJO RECYCLING SAS,155
152331,RECUPERACIONES NARANJO RECYCLING SAS,144
170449,RECUPERACIONES NARANJO RECYCLING SAS,177
170517,RECUPERACIONES NARANJO RECYCLING SAS,0
171374,RECUPERACIONES NARANJO RECYCLING SAS,149
152460,William Salcedo,46
152213,Daniel Serrano Rangel,51
36000,EMPRESAS VARIAS DE MEDELLIN S.A. E.S.P.,2187
36001,EMPRESAS VARIAS DE MEDELLIN S.A. E.S.P.,1441
36005,EMPRESAS VARIAS DE MEDELLIN S.A. E.S.P.,2192
36013,EMPRESAS VARIAS DE MEDELLIN S.A. E.S.P.,1585
36018,EMPRESAS VARIAS DE MEDELLIN S.A. E.S.P.,800
36019,EMPRESAS VARIAS DE MEDELLIN S.A. E.S.P.,3000
36021,EMPRESAS VARIAS DE MEDELLIN S.A. E.S.P.,3000
36026,EMPRESAS VARIAS DE MEDELLIN S.A. E.S.P.,1441
36029,EMPRESAS VARIAS DE MEDELLIN S.A. E.S.P.,1441
36032,EMPRESAS VARIAS DE MEDELLIN S.A. E.S.P.,2817
36033,EMPRESAS VARIAS DE MEDELLIN S.A. E.S.P.,2703
36034,EMPRESAS VARIAS DE MEDELLIN S.A. E.S.P.,3000
36040,EMPRESAS VARIAS DE MEDELLIN S.A. E.S.P.,3000
36042,EMPRESAS VARIAS DE MEDELLIN S.A. E.S.P.,2862
36043,EMPRESAS VARIAS DE MEDELLIN S.A. E.S.P.,3000
36046,EMPRESAS VARIAS DE MEDELLIN S.A. E.S.P.,1695
36047,EMPRESAS VARIAS DE MEDELLIN S.A. E.S.P.,3000
36049,EMPRESAS VARIAS DE MEDELLIN S.A. E.S.P.,3000
36052,EMPRESAS VARIAS DE MEDELLIN S.A. E.S.P.,3000
36053,EMPRESAS VARIAS DE MEDELLIN S.A. E.S.P.,1455
36057,EMPRESAS VARIAS DE MEDELLIN S.A. E.S.P.,3000
36058,EMPRESAS VARIAS DE MEDELLIN S.A. E.S.P.,3000
36061,EMPRESAS VARIAS DE MEDELLIN S.A. E.S.P.,1441
36066,EMPRESAS VARIAS DE MEDELLIN S.A. E.S.P.,3000
36068,EMPRESAS VARIAS DE MEDELLIN S.A. E.S.P.,3000
36073,EMPRESAS VARIAS DE MEDELLIN S.A. E.S.P.,3000
36074,EMPRESAS VARIAS DE MEDELLIN S.A. E.S.P.,2816
36078,EMPRESAS VARIAS DE MEDELLIN S.A. E.S.P.,2680
36083,EMPRESAS VARIAS DE MEDELLIN S.A. E.S.P.,3000
36097,EMPRESAS VARIAS DE MEDELLIN S.A. E.S.P.,1033
36098,EMPRESAS VARIAS DE MEDELLIN S.A. E.S.P.,1784
36100,EMPRESAS VARIAS DE MEDELLIN S.A. E.S.P.,3000
36101,EMPRESAS VARIAS DE MEDELLIN S.A. E.S.P.,1508
36104,EMPRESAS VARIAS DE MEDELLIN S.A. E.S.P.,3000
36112,EMPRESAS VARIAS DE MEDELLIN S.A. E.S.P.,1441
36115,EMPRESAS VARIAS DE MEDELLIN S.A. E.S.P.,3000
36131,EMPRESAS VARIAS DE MEDELLIN S.A. E.S.P.,2256
36134,EMPRESAS VARIAS DE MEDELLIN S.A. E.S.P.,1440
36146,EMPRESAS VARIAS DE MEDELLIN S.A. E.S.P.,3000
36152,EMPRESAS VARIAS DE MEDELLIN S.A. E.S.P.,2603
36160,EMPRESAS VARIAS DE MEDELLIN S.A. E.S.P.,2981
36169,EMPRESAS VARIAS DE MEDELLIN S.A. E.S.P.,1715
37024,EMPRESAS VARIAS DE MEDELLIN S.A. E.S.P.,1578
37051,EMPRESAS VARIAS DE MEDELLIN S.A. E.S.P.,2564
37063,EMPRESAS VARIAS DE MEDELLIN S.A. E.S.P.,1743
37064,EMPRESAS VARIAS DE MEDELLIN S.A. E.S.P.,1583
37065,EMPRESAS VARIAS DE MEDELLIN S.A. E.S.P.,2277
37650,EMPRESAS VARIAS DE MEDELLIN S.A. E.S.P.,2545
171801,EMPRESAS VARIAS DE MEDELLIN S.A. E.S.P.,5
171809,EMPRESAS VARIAS DE MEDELLIN S.A. E.S.P.,5
400010,EMPRESAS VARIAS DE MEDELLIN S.A. E.S.P.,2736
400011,EMPRESAS VARIAS DE MEDELLIN S.A. E.S.P.,1560
400012,EMPRESAS VARIAS DE MEDELLIN S.A. E.S.P.,3000
400013,EMPRESAS VARIAS DE MEDELLIN S.A. E.S.P.,3000
400015,EMPRESAS VARIAS DE MEDELLIN S.A. E.S.P.,3000
400016,EMPRESAS VARIAS DE MEDELLIN S.A. E.S.P.,3000
400017,EMPRESAS VARIAS DE MEDELLIN S.A. E.S.P.,3000
400018,EMPRESAS VARIAS DE MEDELLIN S.A. E.S.P.,3000
400019,EMPRESAS VARIAS DE MEDELLIN S.A. E.S.P.,3000
400020,EMPRESAS VARIAS DE MEDELLIN S.A. E.S.P.,3000
400021,EMPRESAS VARIAS DE MEDELLIN S.A. E.S.P.,3000
400022,EMPRESAS VARIAS DE MEDELLIN S.A. E.S.P.,3000
400023,EMPRESAS VARIAS DE MEDELLIN S.A. E.S.P.,2294
400024,EMPRESAS VARIAS DE MEDELLIN S.A. E.S.P.,2344
400025,EMPRESAS VARIAS DE MEDELLIN S.A. E.S.P.,97
400042,EMPRESAS VARIAS DE MEDELLIN S.A. E.S.P.,2624
400043,EMPRESAS VARIAS DE MEDELLIN S.A. E.S.P.,3000
400044,EMPRESAS VARIAS DE MEDELLIN S.A. E.S.P.,3000
400045,EMPRESAS VARIAS DE MEDELLIN S.A. E.S.P.,3000
400046,EMPRESAS VARIAS DE MEDELLIN S.A. E.S.P.,3000
400048,EMPRESAS VARIAS DE MEDELLIN S.A. E.S.P.,3000
400049,EMPRESAS VARIAS DE MEDELLIN S.A. E.S.P.,3000
400051,EMPRESAS VARIAS DE MEDELLIN S.A. E.S.P.,3000
400055,EMPRESAS VARIAS DE MEDELLIN S.A. E.S.P.,3000
400085,EMPRESAS VARIAS DE MEDELLIN S.A. E.S.P.,3000
400086,EMPRESAS VARIAS DE MEDELLIN S.A. E.S.P.,3000
400087,EMPRESAS VARIAS DE MEDELLIN S.A. E.S.P.,3000
400088,EMPRESAS VARIAS DE MEDELLIN S.A. E.S.P.,3000
400089,EMPRESAS VARIAS DE MEDELLIN S.A. E.S.P.,3000
400090,EMPRESAS VARIAS DE MEDELLIN S.A. E.S.P.,1442
400091,EMPRESAS VARIAS DE MEDELLIN S.A. E.S.P.,3000
400093,EMPRESAS VARIAS DE MEDELLIN S.A. E.S.P.,0
400097,EMPRESAS VARIAS DE MEDELLIN S.A. E.S.P.,3000
400189,EMPRESAS VARIAS DE MEDELLIN S.A. E.S.P.,3000
400192,EMPRESAS VARIAS DE MEDELLIN S.A. E.S.P.,3000
400194,EMPRESAS VARIAS DE MEDELLIN S.A. E.S.P.,3000
400197,EMPRESAS VARIAS DE MEDELLIN S.A. E.S.P.,2829
400198,EMPRESAS VARIAS DE MEDELLIN S.A. E.S.P.,3000
400199,EMPRESAS VARIAS DE MEDELLIN S.A. E.S.P.,1275
400200,EMPRESAS VARIAS DE MEDELLIN S.A. E.S.P.,2714
400201,EMPRESAS VARIAS DE MEDELLIN S.A. E.S.P.,3000
400202,EMPRESAS VARIAS DE MEDELLIN S.A. E.S.P.,3000
400203,EMPRESAS VARIAS DE MEDELLIN S.A. E.S.P.,2937
400211,EMPRESAS VARIAS DE MEDELLIN S.A. E.S.P.,3000
400212,EMPRESAS VARIAS DE MEDELLIN S.A. E.S.P.,3000
400213,EMPRESAS VARIAS DE MEDELLIN S.A. E.S.P.,2941
400215,EMPRESAS VARIAS DE MEDELLIN S.A. E.S.P.,3000
400216,EMPRESAS VARIAS DE MEDELLIN S.A. E.S.P.,1441
400221,EMPRESAS VARIAS DE MEDELLIN S.A. E.S.P.,3000
400226,EMPRESAS VARIAS DE MEDELLIN S.A. E.S.P.,3000
400306,EMPRESAS VARIAS DE MEDELLIN S.A. E.S.P.,3000
400311,EMPRESAS VARIAS DE MEDELLIN S.A. E.S.P.,2881
400318,EMPRESAS VARIAS DE MEDELLIN S.A. E.S.P.,2880
400319,EMPRESAS VARIAS DE MEDELLIN S.A. E.S.P.,1488
400320,EMPRESAS VARIAS DE MEDELLIN S.A. E.S.P.,2881
400338,EMPRESAS VARIAS DE MEDELLIN S.A. E.S.P.,1445
400365,EMPRESAS VARIAS DE MEDELLIN S.A. E.S.P.,3000
400368,EMPRESAS VARIAS DE MEDELLIN S.A. E.S.P.,1439
400372,EMPRESAS VARIAS DE MEDELLIN S.A. E.S.P.,1545
400373,EMPRESAS VARIAS DE MEDELLIN S.A. E.S.P.,3000
400376,EMPRESAS VARIAS DE MEDELLIN S.A. E.S.P.,3000
400379,EMPRESAS VARIAS DE MEDELLIN S.A. E.S.P.,3000
400380,EMPRESAS VARIAS DE MEDELLIN S.A. E.S.P.,3000
400381,EMPRESAS VARIAS DE MEDELLIN S.A. E.S.P.,3000
400383,EMPRESAS VARIAS DE MEDELLIN S.A. E.S.P.,3000
400387,EMPRESAS VARIAS DE MEDELLIN S.A. E.S.P.,3000
400388,EMPRESAS VARIAS DE MEDELLIN S.A. E.S.P.,627
400389,EMPRESAS VARIAS DE MEDELLIN S.A. E.S.P.,3000
400396,EMPRESAS VARIAS DE MEDELLIN S.A. E.S.P.,1440
400397,EMPRESAS VARIAS DE MEDELLIN S.A. E.S.P.,3000
400398,EMPRESAS VARIAS DE MEDELLIN S.A. E.S.P.,2881
400400,EMPRESAS VARIAS DE MEDELLIN S.A. E.S.P.,3000
400402,EMPRESAS VARIAS DE MEDELLIN S.A. E.S.P.,1440
400403,EMPRESAS VARIAS DE MEDELLIN S.A. E.S.P.,2486
400405,EMPRESAS VARIAS DE MEDELLIN S.A. E.S.P.,3000
400406,EMPRESAS VARIAS DE MEDELLIN S.A. E.S.P.,1441
400453,EMPRESAS VARIAS DE MEDELLIN S.A. E.S.P.,3000
400494,EMPRESAS VARIAS DE MEDELLIN S.A. E.S.P.,0
400500,EMPRESAS VARIAS DE MEDELLIN S.A. E.S.P.,3000
400501,EMPRESAS VARIAS DE MEDELLIN S.A. E.S.P.,3000
400502,EMPRESAS VARIAS DE MEDELLIN S.A. E.S.P.,2068
400503,EMPRESAS VARIAS DE MEDELLIN S.A. E.S.P.,3000
400507,EMPRESAS VARIAS DE MEDELLIN S.A. E.S.P.,2881
400508,EMPRESAS VARIAS DE MEDELLIN S.A. E.S.P.,1043
400509,EMPRESAS VARIAS DE MEDELLIN S.A. E.S.P.,2457
400510,EMPRESAS VARIAS DE MEDELLIN S.A. E.S.P.,1442
400679,EMPRESAS VARIAS DE MEDELLIN S.A. E.S.P.,3000
400680,EMPRESAS VARIAS DE MEDELLIN S.A. E.S.P.,2900
400743,EMPRESAS VARIAS DE MEDELLIN S.A. E.S.P.,3000
400745,EMPRESAS VARIAS DE MEDELLIN S.A. E.S.P.,1534
400792,EMPRESAS VARIAS DE MEDELLIN S.A. E.S.P.,3000
401050,EMPRESAS VARIAS DE MEDELLIN S.A. E.S.P.,3000
401564,EMPRESAS VARIAS DE MEDELLIN S.A. E.S.P.,3000
410001,EMPRESAS VARIAS DE MEDELLIN S.A. E.S.P.,2993
410003,EMPRESAS VARIAS DE MEDELLIN S.A. E.S.P.,1584
410239,EMPRESAS VARIAS DE MEDELLIN S.A. E.S.P.,3000
410240,EMPRESAS VARIAS DE MEDELLIN S.A. E.S.P.,1441
411006,EMPRESAS VARIAS DE MEDELLIN S.A. E.S.P.,2555
411316,EMPRESAS VARIAS DE MEDELLIN S.A. E.S.P.,1451
411939,EMPRESAS VARIAS DE MEDELLIN S.A. E.S.P.,3000
411989,EMPRESAS VARIAS DE MEDELLIN S.A. E.S.P.,3000
411990,EMPRESAS VARIAS DE MEDELLIN S.A. E.S.P.,2245
901591,EMPRESAS VARIAS DE MEDELLIN S.A. E.S.P.,3000
901793,EMPRESAS VARIAS DE MEDELLIN S.A. E.S.P.,3000
901832,EMPRESAS VARIAS DE MEDELLIN S.A. E.S.P.,3000
901845,EMPRESAS VARIAS DE MEDELLIN S.A. E.S.P.,3000
901846,EMPRESAS VARIAS DE MEDELLIN S.A. E.S.P.,3000
901847,EMPRESAS VARIAS DE MEDELLIN S.A. E.S.P.,3000
901848,EMPRESAS VARIAS DE MEDELLIN S.A. E.S.P.,3000
901952,EMPRESAS VARIAS DE MEDELLIN S.A. E.S.P.,2881
902107,EMPRESAS VARIAS DE MEDELLIN S.A. E.S.P.,1597
902167,EMPRESAS VARIAS DE MEDELLIN S.A. E.S.P.,2886
902168,EMPRESAS VARIAS DE MEDELLIN S.A. E.S.P.,3000
902170,EMPRESAS VARIAS DE MEDELLIN S.A. E.S.P.,0
902241,EMPRESAS VARIAS DE MEDELLIN S.A. E.S.P.,0
902319,EMPRESAS VARIAS DE MEDELLIN S.A. E.S.P.,3000
902328,EMPRESAS VARIAS DE MEDELLIN S.A. E.S.P.,3000
902449,EMPRESAS VARIAS DE MEDELLIN S.A. E.S.P.,0
902450,EMPRESAS VARIAS DE MEDELLIN S.A. E.S.P.,2896
902451,EMPRESAS VARIAS DE MEDELLIN S.A. E.S.P.,0
902610,EMPRESAS VARIAS DE MEDELLIN S.A. E.S.P.,2882
902637,EMPRESAS VARIAS DE MEDELLIN S.A. E.S.P.,3000
902638,EMPRESAS VARIAS DE MEDELLIN S.A. E.S.P.,2882
902686,EMPRESAS VARIAS DE MEDELLIN S.A. E.S.P.,2881
902687,EMPRESAS VARIAS DE MEDELLIN S.A. E.S.P.,3000
902688,EMPRESAS VARIAS DE MEDELLIN S.A. E.S.P.,3000
902690,EMPRESAS VARIAS DE MEDELLIN S.A. E.S.P.,2882
902691,EMPRESAS VARIAS DE MEDELLIN S.A. E.S.P.,3000
903026,EMPRESAS VARIAS DE MEDELLIN S.A. E.S.P.,3000
903196,EMPRESAS VARIAS DE MEDELLIN S.A. E.S.P.,3000
903241,EMPRESAS VARIAS DE MEDELLIN S.A. E.S.P.,3000
903242,EMPRESAS VARIAS DE MEDELLIN S.A. E.S.P.,3000
903303,EMPRESAS VARIAS DE MEDELLIN S.A. E.S.P.,3000
903580,EMPRESAS VARIAS DE MEDELLIN S.A. E.S.P.,3000
903606,EMPRESAS VARIAS DE MEDELLIN S.A. E.S.P.,3000
903611,EMPRESAS VARIAS DE MEDELLIN S.A. E.S.P.,3000
903841,EMPRESAS VARIAS DE MEDELLIN S.A. E.S.P.,3000
904069,EMPRESAS VARIAS DE MEDELLIN S.A. E.S.P.,2889
904221,EMPRESAS VARIAS DE MEDELLIN S.A. E.S.P.,3000
904222,EMPRESAS VARIAS DE MEDELLIN S.A. E.S.P.,3000
904223,EMPRESAS VARIAS DE MEDELLIN S.A. E.S.P.,2881
904229,EMPRESAS VARIAS DE MEDELLIN S.A. E.S.P.,3000
904422,EMPRESAS VARIAS DE MEDELLIN S.A. E.S.P.,2887
904423,EMPRESAS VARIAS DE MEDELLIN S.A. E.S.P.,3000
904651,EMPRESAS VARIAS DE MEDELLIN S.A. E.S.P.,3000
904652,EMPRESAS VARIAS DE MEDELLIN S.A. E.S.P.,2884
904868,EMPRESAS VARIAS DE MEDELLIN S.A. E.S.P.,2885
904869,EMPRESAS VARIAS DE MEDELLIN S.A. E.S.P.,2884
904870,EMPRESAS VARIAS DE MEDELLIN S.A. E.S.P.,2881
904926,EMPRESAS VARIAS DE MEDELLIN S.A. E.S.P.,2894
904973,EMPRESAS VARIAS DE MEDELLIN S.A. E.S.P.,3000
905007,EMPRESAS VARIAS DE MEDELLIN S.A. E.S.P.,2881
905010,EMPRESAS VARIAS DE MEDELLIN S.A. E.S.P.,3000
905050,EMPRESAS VARIAS DE MEDELLIN S.A. E.S.P.,3000
905051,EMPRESAS VARIAS DE MEDELLIN S.A. E.S.P.,3000
905052,EMPRESAS VARIAS DE MEDELLIN S.A. E.S.P.,3000
905053,EMPRESAS VARIAS DE MEDELLIN S.A. E.S.P.,3000
905066,EMPRESAS VARIAS DE MEDELLIN S.A. E.S.P.,3000
905067,EMPRESAS VARIAS DE MEDELLIN S.A. E.S.P.,3000
905068,EMPRESAS VARIAS DE MEDELLIN S.A. E.S.P.,3000
905070,EMPRESAS VARIAS DE MEDELLIN S.A. E.S.P.,3000
905071,EMPRESAS VARIAS DE MEDELLIN S.A. E.S.P.,3000
905085,EMPRESAS VARIAS DE MEDELLIN S.A. E.S.P.,3000
905086,EMPRESAS VARIAS DE MEDELLIN S.A. E.S.P.,3000
905087,EMPRESAS VARIAS DE MEDELLIN S.A. E.S.P.,3000
905088,EMPRESAS VARIAS DE MEDELLIN S.A. E.S.P.,3000
905089,EMPRESAS VARIAS DE MEDELLIN S.A. E.S.P.,3000
905090,EMPRESAS VARIAS DE MEDELLIN S.A. E.S.P.,3000
905106,EMPRESAS VARIAS DE MEDELLIN S.A. E.S.P.,3000
905124,EMPRESAS VARIAS DE MEDELLIN S.A. E.S.P.,2881
905126,EMPRESAS VARIAS DE MEDELLIN S.A. E.S.P.,2887
905130,EMPRESAS VARIAS DE MEDELLIN S.A. E.S.P.,2959
905133,EMPRESAS VARIAS DE MEDELLIN S.A. E.S.P.,2906
905137,EMPRESAS VARIAS DE MEDELLIN S.A. E.S.P.,3000
905168,EMPRESAS VARIAS DE MEDELLIN S.A. E.S.P.,3000
905171,EMPRESAS VARIAS DE MEDELLIN S.A. E.S.P.,3000
905176,EMPRESAS VARIAS DE MEDELLIN S.A. E.S.P.,3000
905177,EMPRESAS VARIAS DE MEDELLIN S.A. E.S.P.,2885
905178,EMPRESAS VARIAS DE MEDELLIN S.A. E.S.P.,2901
905180,EMPRESAS VARIAS DE MEDELLIN S.A. E.S.P.,2881
905181,EMPRESAS VARIAS DE MEDELLIN S.A. E.S.P.,2881
905183,EMPRESAS VARIAS DE MEDELLIN S.A. E.S.P.,2879
905184,EMPRESAS VARIAS DE MEDELLIN S.A. E.S.P.,3000
905189,EMPRESAS VARIAS DE MEDELLIN S.A. E.S.P.,3000
905213,EMPRESAS VARIAS DE MEDELLIN S.A. E.S.P.,0
905218,EMPRESAS VARIAS DE MEDELLIN S.A. E.S.P.,2880
905260,EMPRESAS VARIAS DE MEDELLIN S.A. E.S.P.,0
905266,EMPRESAS VARIAS DE MEDELLIN S.A. E.S.P.,2881
905267,EMPRESAS VARIAS DE MEDELLIN S.A. E.S.P.,2883
905268,EMPRESAS VARIAS DE MEDELLIN S.A. E.S.P.,0
905270,EMPRESAS VARIAS DE MEDELLIN S.A. E.S.P.,0
905271,EMPRESAS VARIAS DE MEDELLIN S.A. E.S.P.,0
905272,EMPRESAS VARIAS DE MEDELLIN S.A. E.S.P.,2881
905274,EMPRESAS VARIAS DE MEDELLIN S.A. E.S.P.,0
905305,EMPRESAS VARIAS DE MEDELLIN S.A. E.S.P.,0
905336,EMPRESAS VARIAS DE MEDELLIN S.A. E.S.P.,0
905337,EMPRESAS VARIAS DE MEDELLIN S.A. E.S.P.,0
905338,EMPRESAS VARIAS DE MEDELLIN S.A. E.S.P.,0
905414,EMPRESAS VARIAS DE MEDELLIN S.A. E.S.P.,0
151810,Cesar Enrique Romero Higuera,0
171515,Cesar Enrique Romero Higuera,3
35010,Juan Fernando Rua Quintero,428
30205,INVERSIONES CRIVASI S.A.S.,52
30224,Erich Eugenio Orjuela Sanchez,4
151127,C. H. PEREIRA & CIA. S.A.S.,0
151157,C. H. PEREIRA & CIA. S.A.S.,171
151184,C. H. PEREIRA & CIA. S.A.S.,201
151188,C. H. PEREIRA & CIA. S.A.S.,158
36199,DISTRIBUCIONES RIOGRANDE S.A.S.,789
36225,DISTRIBUCIONES RIOGRANDE S.A.S.,385
36781,DISTRIBUCIONES RIOGRANDE S.A.S.,289
37046,DISTRIBUCIONES RIOGRANDE S.A.S.,526
37202,DISTRIBUCIONES RIOGRANDE S.A.S.,760
37222,DISTRIBUCIONES RIOGRANDE S.A.S.,390
37362,DISTRIBUCIONES RIOGRANDE S.A.S.,459
37401,DISTRIBUCIONES RIOGRANDE S.A.S.,487
39655,DISTRIBUCIONES RIOGRANDE S.A.S.,1762
160169,DISTRIBUCIONES RIOGRANDE S.A.S.,409
160292,DISTRIBUCIONES RIOGRANDE S.A.S.,1496
160297,DISTRIBUCIONES RIOGRANDE S.A.S.,501
161035,DISTRIBUCIONES RIOGRANDE S.A.S.,0
161375,DISTRIBUCIONES RIOGRANDE S.A.S.,495
600211,DISTRIBUCIONES RIOGRANDE S.A.S.,468
600212,DISTRIBUCIONES RIOGRANDE S.A.S.,742
600215,DISTRIBUCIONES RIOGRANDE S.A.S.,623
601000,DISTRIBUCIONES RIOGRANDE S.A.S.,399
601009,DISTRIBUCIONES RIOGRANDE S.A.S.,704
601011,DISTRIBUCIONES RIOGRANDE S.A.S.,515
601279,DISTRIBUCIONES RIOGRANDE S.A.S.,517
602840,DISTRIBUCIONES RIOGRANDE S.A.S.,634
901261,DISTRIBUCIONES RIOGRANDE S.A.S.,413
901369,DISTRIBUCIONES RIOGRANDE S.A.S.,404
901373,DISTRIBUCIONES RIOGRANDE S.A.S.,412
903212,DISTRIBUCIONES RIOGRANDE S.A.S.,638
200304,AMERIVET S.A.S,387
36313,TRANSPORCAR LOGISTICA SAS,252
36314,TRANSPORCAR LOGISTICA SAS,60
36865,TRANSPORCAR LOGISTICA SAS,331
37240,TRANSPORCAR LOGISTICA SAS,114
37241,TRANSPORCAR LOGISTICA SAS,391
37417,TRANSPORCAR LOGISTICA SAS,232
39051,TRANSPORCAR LOGISTICA SAS,185
39202,TRANSPORCAR LOGISTICA SAS,99
39730,TRANSPORCAR LOGISTICA SAS,299
151022,TRANSPORCAR LOGISTICA SAS,228
151046,TRANSPORCAR LOGISTICA SAS,141
151684,TRANSPORCAR LOGISTICA SAS,149
152027,TRANSPORCAR LOGISTICA SAS,85
170031,TRANSPORCAR LOGISTICA SAS,95
170032,TRANSPORCAR LOGISTICA SAS,92
170121,TRANSPORCAR LOGISTICA SAS,101
170661,TRANSPORCAR LOGISTICA SAS,0
170721,TRANSPORCAR LOGISTICA SAS,296
171655,TRANSPORCAR LOGISTICA SAS,216
172226,TRANSPORCAR LOGISTICA SAS,3000
172332,TRANSPORCAR LOGISTICA SAS,1370
172336,TRANSPORCAR LOGISTICA SAS,0
172983,TRANSPORCAR LOGISTICA SAS,389
172984,TRANSPORCAR LOGISTICA SAS,1617
172985,TRANSPORCAR LOGISTICA SAS,283
180732,TRANSPORCAR LOGISTICA SAS,198
180733,TRANSPORCAR LOGISTICA SAS,98
180734,TRANSPORCAR LOGISTICA SAS,199
180735,TRANSPORCAR LOGISTICA SAS,329
181281,TRANSPORCAR LOGISTICA SAS,957
181394,TRANSPORCAR LOGISTICA SAS,3000
181411,TRANSPORCAR LOGISTICA SAS,0
601442,TRANSPORCAR LOGISTICA SAS,634
602184,TRANSPORCAR LOGISTICA SAS,845
602253,TRANSPORCAR LOGISTICA SAS,20
701612,TRANSPORCAR LOGISTICA SAS,86
701613,TRANSPORCAR LOGISTICA SAS,698
200039,AMAREY NOVAMEDICAL S.A.,288
200094,AMAREY NOVAMEDICAL S.A.,289
200298,AMAREY NOVAMEDICAL S.A.,290
200307,AMAREY NOVAMEDICAL S.A.,290
201155,AMAREY NOVAMEDICAL S.A.,305
30352,PROMOTORA ADOLFO HOYOS Y COMPAÑIA S.A.S,27
36193,FANETI ELECTRICA S.A.S,340
181553,Jorge Mauricio Velez Cardona,691
30375,Florentino Torres Fiallo,4
31399,Florentino Torres Fiallo,419
181529,Rosendo Carranza Velez,50
601496,EMPRESAS PUBLICAS DE LA CEJA,526
601760,EMPRESAS PUBLICAS DE LA CEJA,694
601762,EMPRESAS PUBLICAS DE LA CEJA,891
601775,EMPRESAS PUBLICAS DE LA CEJA,496
601825,EMPRESAS PUBLICAS DE LA CEJA,810
36854,COTRASAMIGO,163
36860,COTRASAMIGO,213
36941,COTRASAMIGO,990
37279,COTRASAMIGO,774
39502,COTRASAMIGO,554
151561,COTRASAMIGO,145
151562,COTRASAMIGO,161
151652,COTRASAMIGO,201
152335,COTRASAMIGO,431
160918,COTRASAMIGO,145
160919,COTRASAMIGO,151
170156,COTRASAMIGO,146
171280,COTRASAMIGO,290
171564,COTRASAMIGO,365
172219,COTRASAMIGO,374
172456,COTRASAMIGO,352
172851,COTRASAMIGO,422
172864,COTRASAMIGO,352
172896,COTRASAMIGO,665
180577,COTRASAMIGO,451
180720,COTRASAMIGO,145
181258,COTRASAMIGO,173
181265,COTRASAMIGO,267
181604,COTRASAMIGO,251
701286,COTRASAMIGO,356
701405,COTRASAMIGO,0
701760,COTRASAMIGO,613
701816,COTRASAMIGO,1221
702069,COTRASAMIGO,333
702239,COTRASAMIGO,343
200062,INSTITUTO ANTIOQUEÑO DE REPRODUCCION INSER S.A.S,334
201232,INSTITUTO ANTIOQUEÑO DE REPRODUCCION INSER S.A.S,336
36884,SERVICIOS AMBIENTALES DE CORDOBA S.A.S E.S.P.,2587
36885,SERVICIOS AMBIENTALES DE CORDOBA S.A.S E.S.P.,1637
36886,SERVICIOS AMBIENTALES DE CORDOBA S.A.S E.S.P.,1993
36890,SERVICIOS AMBIENTALES DE CORDOBA S.A.S E.S.P.,3000
37461,SERVICIOS AMBIENTALES DE CORDOBA S.A.S E.S.P.,1043
37463,SERVICIOS AMBIENTALES DE CORDOBA S.A.S E.S.P.,3000
37467,SERVICIOS AMBIENTALES DE CORDOBA S.A.S E.S.P.,3000
37468,SERVICIOS AMBIENTALES DE CORDOBA S.A.S E.S.P.,918
37469,SERVICIOS AMBIENTALES DE CORDOBA S.A.S E.S.P.,1121
37471,SERVICIOS AMBIENTALES DE CORDOBA S.A.S E.S.P.,3000
39783,SERVICIOS AMBIENTALES DE CORDOBA S.A.S E.S.P.,3000
161014,SERVICIOS AMBIENTALES DE CORDOBA S.A.S E.S.P.,1789
161403,SERVICIOS AMBIENTALES DE CORDOBA S.A.S E.S.P.,0
161406,SERVICIOS AMBIENTALES DE CORDOBA S.A.S E.S.P.,2879
161407,SERVICIOS AMBIENTALES DE CORDOBA S.A.S E.S.P.,3000
161452,SERVICIOS AMBIENTALES DE CORDOBA S.A.S E.S.P.,3000
180627,SERVICIOS AMBIENTALES DE CORDOBA S.A.S E.S.P.,3000
411435,SERVICIOS AMBIENTALES DE CORDOBA S.A.S E.S.P.,1108
411436,SERVICIOS AMBIENTALES DE CORDOBA S.A.S E.S.P.,1704
411536,SERVICIOS AMBIENTALES DE CORDOBA S.A.S E.S.P.,1881
411540,SERVICIOS AMBIENTALES DE CORDOBA S.A.S E.S.P.,3000
600132,SERVICIOS AMBIENTALES DE CORDOBA S.A.S E.S.P.,275
902221,SERVICIOS AMBIENTALES DE CORDOBA S.A.S E.S.P.,3000
904373,SERVICIOS AMBIENTALES DE CORDOBA S.A.S E.S.P.,3000
904846,SERVICIOS AMBIENTALES DE CORDOBA S.A.S E.S.P.,145
904974,SERVICIOS AMBIENTALES DE CORDOBA S.A.S E.S.P.,3000
36856,Giraldo Alveiro Cuadros Chamorro,49
701680,Giraldo Alveiro Cuadros Chamorro,486
151649,Jorge Mario Vergara López,212
160139,Jorge Mario Vergara López,356
161468,Jorge Mario Vergara López,47
161469,Jorge Mario Vergara López,52
601495,Jorge Mario Vergara López,145
150598,I.C. ALZATE S.A.S,31
151767,I.C. ALZATE S.A.S,0
30518,Julio Roberto Niño,623
36249,TRANSPORTES TGG SAS,1287
36940,TRANSPORTES TGG SAS,3000
37069,TRANSPORTES TGG SAS,576
160757,TRANSPORTES TGG SAS,2533
180579,TRANSPORTES TGG SAS,747
30450,Blanca Margarita Garcia,31
30090,Santiago Yepes Builes,0
36223,Santiago Yepes Builes,434
37093,ENVIASEO E.S.P,1837
37094,ENVIASEO E.S.P,574
37096,ENVIASEO E.S.P,2347
37097,ENVIASEO E.S.P,2881
37098,ENVIASEO E.S.P,3000
37100,ENVIASEO E.S.P,0
37101,ENVIASEO E.S.P,3000
37102,ENVIASEO E.S.P,3000
37104,ENVIASEO E.S.P,485
37105,ENVIASEO E.S.P,210
37107,ENVIASEO E.S.P,3000
37108,ENVIASEO E.S.P,3000
37109,ENVIASEO E.S.P,3000
37110,ENVIASEO E.S.P,0
37111,ENVIASEO E.S.P,156
37112,ENVIASEO E.S.P,3000
37114,ENVIASEO E.S.P,3000
37115,ENVIASEO E.S.P,2131
37116,ENVIASEO E.S.P,3000
37117,ENVIASEO E.S.P,3000
37118,ENVIASEO E.S.P,3000
37119,ENVIASEO E.S.P,487
37120,ENVIASEO E.S.P,3000
37121,ENVIASEO E.S.P,3000
37122,ENVIASEO E.S.P,1441
37462,ENVIASEO E.S.P,2894
400433,ENVIASEO E.S.P,3000
400816,ENVIASEO E.S.P,3000
400860,ENVIASEO E.S.P,793
400861,ENVIASEO E.S.P,3000
401046,ENVIASEO E.S.P,3000
490545,ENVIASEO E.S.P,2304
490546,ENVIASEO E.S.P,497
701542,ENVIASEO E.S.P,227
901249,ENVIASEO E.S.P,2884
901252,ENVIASEO E.S.P,0
901254,ENVIASEO E.S.P,2881
901256,ENVIASEO E.S.P,3000
901493,ENVIASEO E.S.P,584
905417,ENVIASEO E.S.P,0
905765,ENVIASEO E.S.P,0
150103,VEHICULOS MI,84
150380,VEHICULOS MI,300
152100,VEHICULOS MI,0
152713,VEHICULOS MI,0
170378,VEHICULOS MI,651
170787,VEHICULOS MI,5
170789,VEHICULOS MI,241
410952,VEHICULOS MI,367
160928,Jairo Humberto Galeano Molina,428
161175,Jairo Humberto Galeano Molina,578
30436,John Henry Gomez Sanchez,84
171767,John Henry Gomez Sanchez,132
37282,CONMARMOLES S.A.S,145
161425,CONMARMOLES S.A.S,252
172894,VINICOL BOMBEOS S.A.S,48
151209,Jose Gerardo Bernal Hernandez,2
37441,CONSTRUTUBOS S.A.S,367
39564,CONSTRUTUBOS S.A.S,291
160761,CONSTRUTUBOS S.A.S,313
602395,CONSTRUTUBOS S.A.S,289
902890,CONSTRUTUBOS S.A.S,298
904810,CONSTRUTUBOS S.A.S,238
905493,CONSTRUTUBOS S.A.S,0
905690,CONSTRUTUBOS S.A.S,0
31376,MASSIVO LOGISTICA S.A.S,763
37655,MASSIVO LOGISTICA S.A.S,369
39454,MASSIVO LOGISTICA S.A.S,396
39498,MASSIVO LOGISTICA S.A.S,297
152358,MASSIVO LOGISTICA S.A.S,413
160443,MASSIVO LOGISTICA S.A.S,434
180565,MASSIVO LOGISTICA S.A.S,272
601734,MASSIVO LOGISTICA S.A.S,2631
601785,MASSIVO LOGISTICA S.A.S,532
601806,MASSIVO LOGISTICA S.A.S,772
602001,MASSIVO LOGISTICA S.A.S,289
901765,MASSIVO LOGISTICA S.A.S,365
902096,MASSIVO LOGISTICA S.A.S,0
902330,MASSIVO LOGISTICA S.A.S,0
902381,MASSIVO LOGISTICA S.A.S,172
902410,MASSIVO LOGISTICA S.A.S,0
904569,MASSIVO LOGISTICA S.A.S,421
30272,Gonzalo Jaramillo Garces,7
15322,LETRATIEMPO S.A,223
31055,LETRATIEMPO S.A,497
31065,LETRATIEMPO S.A,1114
31083,LETRATIEMPO S.A,370
31111,LETRATIEMPO S.A,523
31114,LETRATIEMPO S.A,1166
31117,LETRATIEMPO S.A,542
31123,LETRATIEMPO S.A,595
31129,LETRATIEMPO S.A,1049
31135,LETRATIEMPO S.A,2294
31144,LETRATIEMPO S.A,1601
31145,LETRATIEMPO S.A,1149
31146,LETRATIEMPO S.A,1732
31150,LETRATIEMPO S.A,263
31223,LETRATIEMPO S.A,363
31422,LETRATIEMPO S.A,655
161208,LETRATIEMPO S.A,188
161432,LETRATIEMPO S.A,909
412009,LETRATIEMPO S.A,581
412411,LETRATIEMPO S.A,1118
601928,LETRATIEMPO S.A,1937
601929,LETRATIEMPO S.A,353
31479,Hermelinda Mancilla Gamboa,25
31069,GUSTAVO ADOLFO VIANA PRECIADO,212
31070,GUSTAVO ADOLFO VIANA PRECIADO,296
31087,GUSTAVO ADOLFO VIANA PRECIADO,527
31102,GUSTAVO ADOLFO VIANA PRECIADO,292
31105,GUSTAVO ADOLFO VIANA PRECIADO,0
31107,GUSTAVO ADOLFO VIANA PRECIADO,291
31120,GUSTAVO ADOLFO VIANA PRECIADO,307
31162,GUSTAVO ADOLFO VIANA PRECIADO,439
31163,GUSTAVO ADOLFO VIANA PRECIADO,730
31167,GUSTAVO ADOLFO VIANA PRECIADO,407
31213,GUSTAVO ADOLFO VIANA PRECIADO,1035
31214,GUSTAVO ADOLFO VIANA PRECIADO,429
31251,GUSTAVO ADOLFO VIANA PRECIADO,330
31273,GUSTAVO ADOLFO VIANA PRECIADO,387
31309,GUSTAVO ADOLFO VIANA PRECIADO,515
31310,GUSTAVO ADOLFO VIANA PRECIADO,375
31349,GUSTAVO ADOLFO VIANA PRECIADO,549
31359,GUSTAVO ADOLFO VIANA PRECIADO,1003
31365,GUSTAVO ADOLFO VIANA PRECIADO,321
31373,GUSTAVO ADOLFO VIANA PRECIADO,642
31374,GUSTAVO ADOLFO VIANA PRECIADO,991
31382,GUSTAVO ADOLFO VIANA PRECIADO,366
31383,GUSTAVO ADOLFO VIANA PRECIADO,734
31403,GUSTAVO ADOLFO VIANA PRECIADO,289
31459,GUSTAVO ADOLFO VIANA PRECIADO,313
31470,GUSTAVO ADOLFO VIANA PRECIADO,364
31504,GUSTAVO ADOLFO VIANA PRECIADO,479
31537,GUSTAVO ADOLFO VIANA PRECIADO,382
31575,GUSTAVO ADOLFO VIANA PRECIADO,292
31576,GUSTAVO ADOLFO VIANA PRECIADO,0
31577,GUSTAVO ADOLFO VIANA PRECIADO,827
31578,GUSTAVO ADOLFO VIANA PRECIADO,289
31580,GUSTAVO ADOLFO VIANA PRECIADO,146
31583,GUSTAVO ADOLFO VIANA PRECIADO,289
31585,GUSTAVO ADOLFO VIANA PRECIADO,406
31587,GUSTAVO ADOLFO VIANA PRECIADO,498
31590,GUSTAVO ADOLFO VIANA PRECIADO,456
31594,GUSTAVO ADOLFO VIANA PRECIADO,382
31600,GUSTAVO ADOLFO VIANA PRECIADO,408
160375,GUSTAVO ADOLFO VIANA PRECIADO,289
160596,GUSTAVO ADOLFO VIANA PRECIADO,552
160624,GUSTAVO ADOLFO VIANA PRECIADO,0
160759,GUSTAVO ADOLFO VIANA PRECIADO,460
160765,GUSTAVO ADOLFO VIANA PRECIADO,289
160785,GUSTAVO ADOLFO VIANA PRECIADO,407
160810,GUSTAVO ADOLFO VIANA PRECIADO,0
160811,GUSTAVO ADOLFO VIANA PRECIADO,706
161313,GUSTAVO ADOLFO VIANA PRECIADO,0
161328,GUSTAVO ADOLFO VIANA PRECIADO,620
161420,GUSTAVO ADOLFO VIANA PRECIADO,290
161448,GUSTAVO ADOLFO VIANA PRECIADO,2038
161460,GUSTAVO ADOLFO VIANA PRECIADO,417
161480,GUSTAVO ADOLFO VIANA PRECIADO,943
161481,GUSTAVO ADOLFO VIANA PRECIADO,422
904372,GUSTAVO ADOLFO VIANA PRECIADO,524
30199,Fabio Alberto Gonzalez Gil,0
151656,Lubin De Jesus Escobar Rivera,8
30632,Nancy Yaneth Morales Moreno,610
181382,NICOLE S.A.S,207
903591,NICOLE S.A.S,504
140025,DISTRIMEDICAL S.A.S,288
140026,DISTRIQUÍMICOS ALDIR S.A.S,430
37697,COODESCOR,382
140028,COODESCOR,288
140030,COODESCOR,291
140035,COODESCOR,290
140037,COODESCOR,292
140038,COODESCOR,290
140039,COODESCOR,299
140040,COODESCOR,292
140041,COODESCOR,292
140070,COODESCOR,290
200038,COODESCOR,297
200207,COODESCOR,297
200274,COODESCOR,301
200339,COODESCOR,295
200369,COODESCOR,302
200372,COODESCOR,291
201079,COODESCOR,291
201084,COODESCOR,309
261150,COODESCOR,0
31574,TRANSPORTES LOPEZ MEDINA Y CIA  LTDA,914
37704,TRANSPORTES LOPEZ MEDINA Y CIA  LTDA,323
39135,TRANSPORTES LOPEZ MEDINA Y CIA  LTDA,740
39136,TRANSPORTES LOPEZ MEDINA Y CIA  LTDA,530
160284,TRANSPORTES LOPEZ MEDINA Y CIA  LTDA,438
161142,TRANSPORTES LOPEZ MEDINA Y CIA  LTDA,541
180673,TRANSPORTES LOPEZ MEDINA Y CIA  LTDA,292
180801,TRANSPORTES LOPEZ MEDINA Y CIA  LTDA,603
181456,TRANSPORTES LOPEZ MEDINA Y CIA  LTDA,565
601889,TRANSPORTES LOPEZ MEDINA Y CIA  LTDA,653
601980,TRANSPORTES LOPEZ MEDINA Y CIA  LTDA,422
602738,TRANSPORTES LOPEZ MEDINA Y CIA  LTDA,727
603902,TRANSPORTES LOPEZ MEDINA Y CIA  LTDA,289
604089,TRANSPORTES LOPEZ MEDINA Y CIA  LTDA,289
410930,Guardian Gps - Mi,3000
500153,Guardian Gps - Mi,3000
500156,Guardian Gps - Mi,0
500158,Guardian Gps - Mi,117
500203,Guardian Gps - Mi,0
500214,Guardian Gps - Mi,1006
602045,Guardian Gps - Mi,826
603277,Guardian Gps - Mi,289
901158,Guardian Gps - Mi,3000
901159,Guardian Gps - Mi,3000
902002,Guardian Gps - Mi,0
903065,Guardian Gps - Mi,463
170147,Ivan Camilo Duque Uribe,0
37696,Jose Alirio Duque Aguirre,2578
171056,Carlos Mario Toro Botero,398
30390,Luis Ferney Palacio Carvajal,90
151053,Luis Ferney Palacio Carvajal,94
200002,COLQUIMICOS S.A,293
31398,Rosember Saavedra Holguin,89
702132,Manuel Ricardo Jaimes Diaz,0
201160,UDEA -- GRUPO INFECCIÓN Y CÁNCER,483
201250,UDEA -- GRUPO INFECCIÓN Y CÁNCER,387
150120,Wilder Moreno Agudelo,111
31445,Antonio Elkin Giraldo Carvajal,27
201096,PANAGRO S.A,291
201097,PANAGRO S.A,291
31378,Yonier Dario Ocampo Giraldo,517
152697,Carlos Andres Ramirez Paredes,38
150296,John Alexis Zapata Casas,211
150186,Edwin Daniel Villa Rojas,14
150152,John Anderson Soto Gomez,52
701464,John Anderson Soto Gomez,73
150853,Eucardo Aristizabal Hoyos,34
30369,Verdier De Jesus Garcia,0
150253,Nasly Carolina Salazar Ocampo,26
150251,Jhon Wilson Restrepo Caro,38
150255,Jhon Wilson Restrepo Caro,28
151615,Jhon Wilson Restrepo Caro,95
152584,Jhon Wilson Restrepo Caro,18
150273,Wilson Jovany Medina Alzate,118
151232,PROEXTINSEG,63
31475,Sergio Eduardo Parra Angel,646
150301,Omar Dario Moscoso Cardona,41
31471,William Guerrero Guerrero,427
150316,Alfonso Restrepo Dediego,55
150310,Nicolas Hernando Lopez Eusse,0
150298,Patrocinio Oquendo Oquendo,57
702202,Julian David Martinez Rojas,0
150321,Mauricio Montoya Arenas,129
170741,Humberto Benjumea,55
171971,Humberto Benjumea,45
172161,Humberto Benjumea,66
172183,Humberto Benjumea,79
150329,Hector Fabian Restrepo Builes,53
701737,Hector Fabian Restrepo Builes,49
150350,Jesus Farly Bonet Sanchez,5
181624,Jesus Farly Bonet Sanchez,2
150354,Jhon Jairo Ruiz Martinez,10
150355,Jhon Jairo Ruiz Martinez,514
150323,Elkin Adolfo Acevedo Florez,27
702189,Monica Jackelin Usuga Ortiz,0
150456,Pablo Andres Mora,19
150569,Pablo Andres Mora,39
150289,TRANSPORTES Y GRUAS JJ SAS,35
150425,TRANSPORTES Y GRUAS JJ SAS,99
171484,TRANSPORTES Y GRUAS JJ SAS,7
171654,TRANSPORTES Y GRUAS JJ SAS,24
181312,TRANSPORTES Y GRUAS JJ SAS,24
181358,TRANSPORTES Y GRUAS JJ SAS,10
701600,TRANSPORTES Y GRUAS JJ SAS,111
701708,TRANSPORTES Y GRUAS JJ SAS,48
150460,Leon Rodrigo Garcia Gaviria,49
150440,Jose Alejandro Zapata Sepulveda,50
171945,CONSTRUMOVIMIENTOS SAS,44
150479,Luis Fernando Correa Gonzalez,1
36410,Farid Nasario Cervantes Yance,0
150459,Yeimy Zuluaga Cardona,29
150415,Joann Herrera Herrera,36
31535,UNION TEMPORAL ALUMBRADO PUBLICO SAN MARCOS,144
31546,UNION TEMPORAL ALUMBRADO PUBLICO SAN MARCOS,360
151945,UNION TEMPORAL ALUMBRADO PUBLICO SAN MARCOS,144
152701,UNION TEMPORAL ALUMBRADO PUBLICO SAN MARCOS,146
181686,UNION TEMPORAL ALUMBRADO PUBLICO SAN MARCOS,145
31562,UNION TEMPORAL ALUMBRADO PUBLICO URABA,145
172751,UNION TEMPORAL ALUMBRADO PUBLICO URABA,153
172850,UNION TEMPORAL ALUMBRADO PUBLICO URABA,145
31533,ALUMBRADO PUBLICO TURBO S.A.,149
150501,Luis Felipe Acevedo Murillo,156
171929,Hernan Albeiro Jaramillo Osorio,0
150484,Alexander Farid Garcia Garcia,44
152613,Alexander Farid Garcia Garcia,115
170258,Alexander Farid Garcia Garcia,196
170749,Alexander Farid Garcia Garcia,204
171646,Alexander Farid Garcia Garcia,43
171653,Alexander Farid Garcia Garcia,0
172047,Alexander Farid Garcia Garcia,0
172186,Alexander Farid Garcia Garcia,77
150508,A RECONSTRUIR SAS,201
150511,A RECONSTRUIR SAS,163
171020,A RECONSTRUIR SAS,8
171552,A RECONSTRUIR SAS,2
181441,A RECONSTRUIR SAS,2
160074,Ana Maria Parra Cardenas,33
150505,John Fredy Ochoa Cataño,73
170775,Gustavo Ossa,4
200000,PROSALCO IPS,290
200014,PROSALCO IPS,295
200272,PROSALCO IPS,289
200273,PROSALCO IPS,291
200373,PROSALCO IPS,299
201163,PROSALCO IPS,297
201173,PROSALCO IPS,337
201177,PROSALCO IPS,321
201178,PROSALCO IPS,309
250051,PROSALCO IPS,290
150532,Luis Alfonso Guaman Pilamunga,30
702109,Luis Alfonso Guaman Pilamunga,49
150575,Oscar Jose Pino Henao,2
170513,Oscar Jose Pino Henao,72
150626,CMM TRANSPORTE EMPRESARIAL SAS,77
150708,CMM TRANSPORTE EMPRESARIAL SAS,39
172132,CMM TRANSPORTE EMPRESARIAL SAS,44
172142,CMM TRANSPORTE EMPRESARIAL SAS,77
172407,CMM TRANSPORTE EMPRESARIAL SAS,154
172873,CMM TRANSPORTE EMPRESARIAL SAS,3
701253,CMM TRANSPORTE EMPRESARIAL SAS,91
701287,CMM TRANSPORTE EMPRESARIAL SAS,67
701351,CMM TRANSPORTE EMPRESARIAL SAS,72
701777,CMM TRANSPORTE EMPRESARIAL SAS,69
702183,CMM TRANSPORTE EMPRESARIAL SAS,72
150203,Gonzalo Alfonso Giraldo Suarez,30
150542,Yuliana Garcia Sepulveda,157
150583,Wberney Betancur Cadavid,51
150604,DOMILOGÍSTICA SAS,194
150650,DOMILOGÍSTICA SAS,281
150667,DOMILOGÍSTICA SAS,79
181359,DOMILOGÍSTICA SAS,243
150563,Jorge Daniel Rojas Garcia,1
150564,Jimmy Alexander Duarte Walteros,110
150605,Raul Enrique Sanin Aguirre,170
150824,LOGICUARTAS SAS,324
150825,LOGICUARTAS SAS,287
150826,LOGICUARTAS SAS,196
150827,LOGICUARTAS SAS,92
150568,Jackeline Suescun Rodriguez,177
150660,Luis Carlos Correa,50
200005,RONELLY SA,288
200006,RONELLY SA,288
200007,RONELLY SA,288
150455,Marvin Xavier Rangel Ardila,93
701587,Ana Elena Mugno,101
150637,Gabriel Jaime Cardona Cuervo,29
200009,LABORATORIOS LIMITADA DE CARTAGENA SAS,466
150981,ECOTRANSA SAS,50
160452,ECOTRANSA SAS,90
400014,ECOTRANSA SAS,77
400053,ECOTRANSA SAS,60
400898,ECOTRANSA SAS,215
400960,ECOTRANSA SAS,179
411497,ECOTRANSA SAS,858
490112,ECOTRANSA SAS,425
902219,ECOTRANSA SAS,500
170317,Edwin Alberto Martinez,55
150702,Jose Elias Cardenas Ruiz,32
150784,Victor Hugo Echeverri Restrepo,783
181432,ENERGIZANDO INGENIERIA Y CONSTRUCCION S.A.S,19
170431,TRUST RENTAL,1
172604,Juan Fernando Duque Bermudez,15
150818,Julian Ortiz Vasquez,17
150817,Oscar Hernan Restrepo Cano,0
150819,Carlos Arturo Gutierrez,0
150836,Jaime Orlando Diaz Jaramillo,199
150837,ASG APLICACIONES IND SAS,0
150832,Mario De Jesus Higuita Usuga,41
201016,PANISIMO S.A.S.,788
201207,PANISIMO S.A.S.,513
150838,OCCIDENTE LIMPIO SA ESP,3000
150839,OCCIDENTE LIMPIO SA ESP,2895
170077,OCCIDENTE LIMPIO SA ESP,3000
905205,OCCIDENTE LIMPIO SA ESP,3000
150850,Gabriel De Jesus Giraldo Giraldo,172
150882,Hernan Dario Acosta Moncada,263
150895,PLASDECOR DE MONTERIA S.A.S.,144
150896,PLASDECOR DE MONTERIA S.A.S.,185
151871,PLASDECOR DE MONTERIA S.A.S.,395
151872,PLASDECOR DE MONTERIA S.A.S.,151
170287,Rodrigo Eduardo Aristizzabal Gomez,31
171281,Rodrigo Eduardo Aristizzabal Gomez,3
150913,Marta Gomez Atehortua,36
150873,Jose Daniel Alvarez Forero,56
160164,Diego Alejandro Muñoz Alvarez,91
160165,Diego Alejandro Muñoz Alvarez,1
150724,Daniel Jaramillo Mira,2
150943,Juan Carlos Hoyos Tobon,194
151376,Juan Fernando Roldan Isaza,0
150691,Ruben Dario Castro Villa,103
150961,Juan Guillermo Palacio Molina,95
150854,Laurencio Aldana Organista,147
150711,Leandro Huberto Chacón Correa,2
160797,Alejandro Fernandez Giraldo,471
180147,Alejandro Fernandez Giraldo,428
180997,Alejandro Fernandez Giraldo,562
151056,Jose Maria Castaño Arcela,55
160301,ANTIOQUEÑA DE INCUBACION S.A.S.,330
150885,Juan Albeiro Zapata Londoño,0
152418,Jhon Jairo Vargas Londoño,35
151158,Jhon Fredy Piedrahita Giraldo,5
151138,Salua Yamile Sus Merlano,0
171192,Oscar Alejandro Builes Gil,7
151161,Jhony Alejandro Roldan,182
151210,Danilo Antonio Parra Casas,5
200003,SEFARCOL,308
201152,SEFARCOL,290
151113,Napoleon Enrique Guerrero Alvarez,50
151255,Diana Patricia Montealegre Moreno,72
200017,AGROPECUARIA ALIAR S.A,380
200018,AGROPECUARIA ALIAR S.A,509
200022,AGROPECUARIA ALIAR S.A,496
200024,AGROPECUARIA ALIAR S.A,511
200027,AGROPECUARIA ALIAR S.A,536
200030,AGROPECUARIA ALIAR S.A,690
200033,AGROPECUARIA ALIAR S.A,498
200034,AGROPECUARIA ALIAR S.A,362
200037,AGROPECUARIA ALIAR S.A,650
200040,AGROPECUARIA ALIAR S.A,470
200041,AGROPECUARIA ALIAR S.A,546
200042,AGROPECUARIA ALIAR S.A,532
200043,AGROPECUARIA ALIAR S.A,775
200044,AGROPECUARIA ALIAR S.A,547
200061,AGROPECUARIA ALIAR S.A,689
200199,AGROPECUARIA ALIAR S.A,1002
200200,AGROPECUARIA ALIAR S.A,483
200286,AGROPECUARIA ALIAR S.A,464
200288,AGROPECUARIA ALIAR S.A,551
200343,AGROPECUARIA ALIAR S.A,324
200344,AGROPECUARIA ALIAR S.A,1043
200345,AGROPECUARIA ALIAR S.A,575
200346,AGROPECUARIA ALIAR S.A,616
200347,AGROPECUARIA ALIAR S.A,651
200348,AGROPECUARIA ALIAR S.A,356
200350,AGROPECUARIA ALIAR S.A,295
200351,AGROPECUARIA ALIAR S.A,302
200354,AGROPECUARIA ALIAR S.A,544
200358,AGROPECUARIA ALIAR S.A,291
200359,AGROPECUARIA ALIAR S.A,351
200360,AGROPECUARIA ALIAR S.A,811
200361,AGROPECUARIA ALIAR S.A,307
201017,AGROPECUARIA ALIAR S.A,524
201019,AGROPECUARIA ALIAR S.A,562
201022,AGROPECUARIA ALIAR S.A,579
201032,AGROPECUARIA ALIAR S.A,470
201042,AGROPECUARIA ALIAR S.A,580
201060,AGROPECUARIA ALIAR S.A,609
201088,AGROPECUARIA ALIAR S.A,567
201121,AGROPECUARIA ALIAR S.A,309
201197,AGROPECUARIA ALIAR S.A,353
201198,AGROPECUARIA ALIAR S.A,295
260991,AGROPECUARIA ALIAR S.A,290
260992,AGROPECUARIA ALIAR S.A,290
260993,AGROPECUARIA ALIAR S.A,290
260994,AGROPECUARIA ALIAR S.A,367
260995,AGROPECUARIA ALIAR S.A,455
260996,AGROPECUARIA ALIAR S.A,289
260997,AGROPECUARIA ALIAR S.A,290
260998,AGROPECUARIA ALIAR S.A,290
260999,AGROPECUARIA ALIAR S.A,311
261000,AGROPECUARIA ALIAR S.A,294
261001,AGROPECUARIA ALIAR S.A,2342
261002,AGROPECUARIA ALIAR S.A,2498
261003,AGROPECUARIA ALIAR S.A,292
261005,AGROPECUARIA ALIAR S.A,290
261006,AGROPECUARIA ALIAR S.A,292
261007,AGROPECUARIA ALIAR S.A,869
261008,AGROPECUARIA ALIAR S.A,292
261009,AGROPECUARIA ALIAR S.A,290
261010,AGROPECUARIA ALIAR S.A,290
261011,AGROPECUARIA ALIAR S.A,1386
261012,AGROPECUARIA ALIAR S.A,290
261013,AGROPECUARIA ALIAR S.A,299
261014,AGROPECUARIA ALIAR S.A,292
261015,AGROPECUARIA ALIAR S.A,3000
261016,AGROPECUARIA ALIAR S.A,290
261017,AGROPECUARIA ALIAR S.A,292
261018,AGROPECUARIA ALIAR S.A,290
261019,AGROPECUARIA ALIAR S.A,550
261020,AGROPECUARIA ALIAR S.A,290
261021,AGROPECUARIA ALIAR S.A,866
261022,AGROPECUARIA ALIAR S.A,866
261023,AGROPECUARIA ALIAR S.A,578
261024,AGROPECUARIA ALIAR S.A,640
261025,AGROPECUARIA ALIAR S.A,290
261026,AGROPECUARIA ALIAR S.A,524
261030,AGROPECUARIA ALIAR S.A,2089
261031,AGROPECUARIA ALIAR S.A,2604
261032,AGROPECUARIA ALIAR S.A,1307
261033,AGROPECUARIA ALIAR S.A,2626
261034,AGROPECUARIA ALIAR S.A,298
261035,AGROPECUARIA ALIAR S.A,296
261036,AGROPECUARIA ALIAR S.A,292
261037,AGROPECUARIA ALIAR S.A,292
261038,AGROPECUARIA ALIAR S.A,290
261039,AGROPECUARIA ALIAR S.A,1678
261040,AGROPECUARIA ALIAR S.A,1259
261041,AGROPECUARIA ALIAR S.A,2233
261042,AGROPECUARIA ALIAR S.A,344
261043,AGROPECUARIA ALIAR S.A,291
261044,AGROPECUARIA ALIAR S.A,290
261045,AGROPECUARIA ALIAR S.A,290
261046,AGROPECUARIA ALIAR S.A,289
261047,AGROPECUARIA ALIAR S.A,290
261048,AGROPECUARIA ALIAR S.A,290
261049,AGROPECUARIA ALIAR S.A,1872
261050,AGROPECUARIA ALIAR S.A,724
261051,AGROPECUARIA ALIAR S.A,290
261052,AGROPECUARIA ALIAR S.A,1098
261053,AGROPECUARIA ALIAR S.A,290
261054,AGROPECUARIA ALIAR S.A,454
261055,AGROPECUARIA ALIAR S.A,290
261056,AGROPECUARIA ALIAR S.A,291
261057,AGROPECUARIA ALIAR S.A,290
261058,AGROPECUARIA ALIAR S.A,290
261059,AGROPECUARIA ALIAR S.A,312
261060,AGROPECUARIA ALIAR S.A,289
261061,AGROPECUARIA ALIAR S.A,290
261062,AGROPECUARIA ALIAR S.A,290
261063,AGROPECUARIA ALIAR S.A,290
261064,AGROPECUARIA ALIAR S.A,290
261065,AGROPECUARIA ALIAR S.A,290
261066,AGROPECUARIA ALIAR S.A,290
261067,AGROPECUARIA ALIAR S.A,1662
261068,AGROPECUARIA ALIAR S.A,1036
261069,AGROPECUARIA ALIAR S.A,1249
261070,AGROPECUARIA ALIAR S.A,1809
261071,AGROPECUARIA ALIAR S.A,1850
261072,AGROPECUARIA ALIAR S.A,3000
261073,AGROPECUARIA ALIAR S.A,1158
261074,AGROPECUARIA ALIAR S.A,290
261077,AGROPECUARIA ALIAR S.A,390
261078,AGROPECUARIA ALIAR S.A,580
261079,AGROPECUARIA ALIAR S.A,290
261080,AGROPECUARIA ALIAR S.A,290
261081,AGROPECUARIA ALIAR S.A,310
261082,AGROPECUARIA ALIAR S.A,509
261083,AGROPECUARIA ALIAR S.A,3000
261084,AGROPECUARIA ALIAR S.A,833
261085,AGROPECUARIA ALIAR S.A,291
261086,AGROPECUARIA ALIAR S.A,290
261088,AGROPECUARIA ALIAR S.A,3000
261089,AGROPECUARIA ALIAR S.A,535
261090,AGROPECUARIA ALIAR S.A,212
261091,AGROPECUARIA ALIAR S.A,290
261092,AGROPECUARIA ALIAR S.A,0
261093,AGROPECUARIA ALIAR S.A,0
261094,AGROPECUARIA ALIAR S.A,3000
261095,AGROPECUARIA ALIAR S.A,2977
261096,AGROPECUARIA ALIAR S.A,574
261097,AGROPECUARIA ALIAR S.A,1442
261098,AGROPECUARIA ALIAR S.A,2916
261099,AGROPECUARIA ALIAR S.A,290
261100,AGROPECUARIA ALIAR S.A,440
261101,AGROPECUARIA ALIAR S.A,374
261102,AGROPECUARIA ALIAR S.A,415
261103,AGROPECUARIA ALIAR S.A,419
261104,AGROPECUARIA ALIAR S.A,1384
261105,AGROPECUARIA ALIAR S.A,615
261106,AGROPECUARIA ALIAR S.A,2951
261107,AGROPECUARIA ALIAR S.A,444
261108,AGROPECUARIA ALIAR S.A,548
261109,AGROPECUARIA ALIAR S.A,1270
261116,AGROPECUARIA ALIAR S.A,1428
261119,AGROPECUARIA ALIAR S.A,1303
261126,AGROPECUARIA ALIAR S.A,956
261131,AGROPECUARIA ALIAR S.A,0
261132,AGROPECUARIA ALIAR S.A,534
151240,FRUTAS Y VERDURAS DAYAISA SAS,45
151243,Yobani Espinosa Garcia,53
151296,Julio Ramon Mariño Castro,278
151244,William Hernan Restrepo Correa,124
172366,Ruben Dario Corrales Iglesias,49
151373,Gerardo Ramirez,129
151436,Gerardo Ramirez,12
151322,Jose Hildebrando Munera Sierra,65
151352,Lina Maria Freydell Gallon,1
151290,Jhon Jaime Gutierrez Cañas,17
151350,Humberto Nicolas Benjumea Escobar,117
151361,Marta Lucia Hernandez Mosquera,4
150106,Andres Felipe Rivera Muñoz,100
152629,Ruben Velasquez Garzon,24
200090,ELITE FLOWER FARMERS S.A.S.,289
200105,ELITE FLOWER FARMERS S.A.S.,297
200111,ELITE FLOWER FARMERS S.A.S.,344
200116,ELITE FLOWER FARMERS S.A.S.,304
200287,ELITE FLOWER FARMERS S.A.S.,378
200289,ELITE FLOWER FARMERS S.A.S.,0
200296,ELITE FLOWER FARMERS S.A.S.,288
200301,ELITE FLOWER FARMERS S.A.S.,292
200302,ELITE FLOWER FARMERS S.A.S.,303
200305,ELITE FLOWER FARMERS S.A.S.,324
200306,ELITE FLOWER FARMERS S.A.S.,297
200308,ELITE FLOWER FARMERS S.A.S.,0
200309,ELITE FLOWER FARMERS S.A.S.,0
200310,ELITE FLOWER FARMERS S.A.S.,393
200311,ELITE FLOWER FARMERS S.A.S.,339
200312,ELITE FLOWER FARMERS S.A.S.,347
200313,ELITE FLOWER FARMERS S.A.S.,1845
200314,ELITE FLOWER FARMERS S.A.S.,0
200316,ELITE FLOWER FARMERS S.A.S.,290
200317,ELITE FLOWER FARMERS S.A.S.,288
200318,ELITE FLOWER FARMERS S.A.S.,388
200319,ELITE FLOWER FARMERS S.A.S.,515
200322,ELITE FLOWER FARMERS S.A.S.,0
200323,ELITE FLOWER FARMERS S.A.S.,0
200324,ELITE FLOWER FARMERS S.A.S.,359
200325,ELITE FLOWER FARMERS S.A.S.,290
200327,ELITE FLOWER FARMERS S.A.S.,598
200335,ELITE FLOWER FARMERS S.A.S.,289
200341,ELITE FLOWER FARMERS S.A.S.,305
200342,ELITE FLOWER FARMERS S.A.S.,410
200355,ELITE FLOWER FARMERS S.A.S.,0
200370,ELITE FLOWER FARMERS S.A.S.,343
261144,ELITE FLOWER FARMERS S.A.S.,300
261145,ELITE FLOWER FARMERS S.A.S.,290
261147,ELITE FLOWER FARMERS S.A.S.,336
261148,ELITE FLOWER FARMERS S.A.S.,290
261149,ELITE FLOWER FARMERS S.A.S.,343
261151,ELITE FLOWER FARMERS S.A.S.,0
261152,ELITE FLOWER FARMERS S.A.S.,0
261153,ELITE FLOWER FARMERS S.A.S.,0
261154,ELITE FLOWER FARMERS S.A.S.,0
261155,ELITE FLOWER FARMERS S.A.S.,0
261156,ELITE FLOWER FARMERS S.A.S.,0
261157,ELITE FLOWER FARMERS S.A.S.,0
261241,ELITE FLOWER FARMERS S.A.S.,0
904997,ELITE FLOWER FARMERS S.A.S.,656
904998,ELITE FLOWER FARMERS S.A.S.,622
172616,Freddy Andrey Contreras Barranco,41
151392,TRANSPORTES EVEREST LTDA,119
151394,TRANSPORTES EVEREST LTDA,8
151395,TRANSPORTES EVEREST LTDA,33
151469,TRANSPORTES EVEREST LTDA,80
170856,TRANSPORTES EVEREST LTDA,25
171614,TRANSPORTES EVEREST LTDA,49
171728,TRANSPORTES EVEREST LTDA,49
172420,TRANSPORTES EVEREST LTDA,56
602727,TRANSPORTES EVEREST LTDA,964
151339,Rafael Cely,28
171220,Diomer Yersi Herrera Obando,107
151200,Juan Camilo Betancur Cataño,123
151409,GRUAS FERNANDEZ S.A.S,0
151582,QUINBERLAB SA,144
151583,QUINBERLAB SA,145
200028,QUINBERLAB SA,291
200036,QUINBERLAB SA,1107
200203,QUINBERLAB SA,290
151426,Manuel Jose Palacio,58
170549,Hector Julio Guevara,583
151334,CABALLERO ACEVEDO SAS,49
151440,Luis Norberto Rojas Cardona,71
151383,Francisco Javier Montoya Gomez,84
602770,EDGAR ADOLFO HOYOS GARCIA,0
151555,ARTILAB S A,2
151420,Carlos Javier De Los Rios Gonzalez,53
151408,Eduard Manuel Caballero Cogollo,84
701905,Eduard Manuel Caballero Cogollo,43
151517,Nelson Enrrique Valderrama Muñoz,46
171440,Alberto De Jesus Sanchez Ortiz,18
152040,Diego Hernan Marin Castaño,16
170102,Diego Hernan Marin Castaño,12
151518,John Fernando Roldan Madrid,114
151565,John Fernando Roldan Madrid,2
165058,John Fernando Roldan Madrid,109
170146,John Fernando Roldan Madrid,90
171030,John Fernando Roldan Madrid,61
171031,John Fernando Roldan Madrid,272
171063,John Fernando Roldan Madrid,82
171064,John Fernando Roldan Madrid,87
171082,John Fernando Roldan Madrid,105
171083,John Fernando Roldan Madrid,101
171086,John Fernando Roldan Madrid,68
171202,John Fernando Roldan Madrid,145
171409,John Fernando Roldan Madrid,90
171843,John Fernando Roldan Madrid,115
171903,John Fernando Roldan Madrid,2
171907,John Fernando Roldan Madrid,43
171942,John Fernando Roldan Madrid,62
171965,John Fernando Roldan Madrid,56
181556,John Fernando Roldan Madrid,61
181609,John Fernando Roldan Madrid,67
181610,John Fernando Roldan Madrid,0
151477,Edier Arevalo Castañeda,17
150140,Ruben Dario Salazar Hernandez,68
150183,Ruben Dario Salazar Hernandez,74
150281,Ruben Dario Salazar Hernandez,23
151446,Ruben Dario Salazar Hernandez,125
151457,Ruben Dario Salazar Hernandez,16
152364,Ruben Dario Salazar Hernandez,26
151478,Hernan Dario Garcia Rios,28
151362,Oscar Fabian Hernandez Morales,39
151588,Jaime Alonso Sanchez Montoya,100
171205,Juan Pablo Valle Micolta,3
171565,Juan Pablo Valle Micolta,51
172441,Juan Pablo Valle Micolta,49
172442,Juan Pablo Valle Micolta,378
151589,Disney Marin Giraldo,86
151603,Jhon Fredy Marulanda Franco,67
151502,Sigifredo Narvaez Barrios,16
151599,INGENIERIA RIOJA S.A.S,25
151602,INGENIERIA RIOJA S.A.S,0
152385,INGENIERIA RIOJA S.A.S,25
170565,INGENIERIA RIOJA S.A.S,20
160708,ECORESPEL SAS,21
151923,Francisco Uriel Guerra Medina,60
171713,Ana Milena Santamaria Figueroa,26
701644,Ana Milena Santamaria Figueroa,71
151605,Ovidio Puerta Ruiz,42
151231,Delio Velandia Alfonso,188
151614,Martha Lucia Montañez Velandia,48
200057,BIOCIENTIFICA LTDA,289
200058,BIOCIENTIFICA LTDA,288
151564,Didier De Jesus Mesa Betancurt,54
701386,Didier De Jesus Mesa Betancurt,49
701940,Didier De Jesus Mesa Betancurt,229
150632,Elkin Fabio Gomez Ramirez,55
150646,Elkin Fabio Gomez Ramirez,112
151001,Fabian Dario Durango,31
151724,Juan Pablo Bustamante,0
151676,Juan Carlos Florez Rodriguez,160
151762,Luis Alonso Velez Echeverry,11
151731,John Alexis Montoya Velez,149
151747,Oscar Alexander García Hernandez,196
160751,MORANGO SAS,426
160829,MORANGO SAS,511
160830,MORANGO SAS,566
160831,MORANGO SAS,606
160832,MORANGO SAS,615
500230,RITUAL COLLECTION SAS,330
701951,RITUAL COLLECTION SAS,49
151437,Cristhian Leiton Estrada,82
151821,Cristhian Leiton Estrada,51
152234,Cristhian Leiton Estrada,68
200035,INSTITUTO DE FERTILIDAD HUMANA  SAS,1739
210037,INSTITUTO DE FERTILIDAD HUMANA  SAS,289
151840,Samuel De Jesus Zapata Garcia,149
171821,Samuel De Jesus Zapata Garcia,87
171822,Samuel De Jesus Zapata Garcia,0
151780,BANCO COLPATRIA,201
151951,BANCO COLPATRIA,2
151813,ZAPATA INGENIEROS SAS,162
151846,Veronica Escobar Londoño,0
150333,Jose Jesus Duque Jimenez,168
151761,Jose Jesus Duque Jimenez,4
170373,Jose Jesus Duque Jimenez,2
151867,Juan Carlos Rodriguez Cano,42
151722,Gladis Montenegro Armesto,136
151889,Alba Lucía Mosquera Moreno,20
170623,Lucia Vera Ayala,1
701670,Lucia Vera Ayala,130
701671,Lucia Vera Ayala,84
701721,Lucia Vera Ayala,90
151808,SOTRANSVARGAS IMT,74
160154,SOTRANSVARGAS,1
151934,Edgar Duque Diaz,58
151926,Jairo Humberto Gonzalez Restrepo,26
151925,Sandra Milena Piedrahita Gomez,6
150489,Wilson Cardenas Monsalve,106
151177,Wilson Cardenas Monsalve,245
151800,CARGOPETROL JNV SAS,210
151802,CARGOPETROL JNV SAS,166
151985,Santiago Bedoya Escobar,17
151658,Alirio de Jesus Arias Rodriguez,67
152006,Dimas Toro Quintero,78
603640,Dimas Toro Quintero,60
152049,William Pelaez Mejia,79
181421,ASEO PLUS PEREIRA S.A E.SP,0
151977,William Alberto Jaramillo Rodriguez,1
152036,Duvan Rios Barrientos,89
152034,John Flavio Puerta Cuello,102
152706,John Flavio Puerta Cuello,183
36771,Juan Diego Garcia Suarez,50
36286,Libardo Alonso Garcia Cañas,13
400232,SOUTH AMERICAN INSPECTION SERVICES COLOMBIA S.A,49
400714,SOUTH AMERICAN INSPECTION SERVICES COLOMBIA S.A,119
400819,SOUTH AMERICAN INSPECTION SERVICES COLOMBIA S.A,372
400820,SOUTH AMERICAN INSPECTION SERVICES COLOMBIA S.A,369
401052,SOUTH AMERICAN INSPECTION SERVICES COLOMBIA S.A,0
902518,SOUTH AMERICAN INSPECTION SERVICES COLOMBIA S.A,205
152085,Julio Arley Soto,1
152126,Julio Arley Soto,3
152149,Julio Arley Soto,38
152563,Julio Arley Soto,135
35030,FRIMAC SA,820
37023,FRIMAC SA,722
152111,FRIMAC SA,149
152146,FRIMAC SA,211
152152,FRIMAC SA,893
152246,FRIMAC SA,275
152247,FRIMAC SA,208
152432,FRIMAC SA,187
152433,FRIMAC SA,196
152441,FRIMAC SA,212
152529,FRIMAC SA,188
152644,FRIMAC SA,166
152654,FRIMAC SA,198
152684,FRIMAC SA,464
152685,FRIMAC SA,410
152693,FRIMAC SA,284
152702,FRIMAC SA,597
160264,FRIMAC SA,291
160728,FRIMAC SA,0
160731,FRIMAC SA,1496
160926,FRIMAC SA,573
160927,FRIMAC SA,394
160940,FRIMAC SA,444
160955,FRIMAC SA,333
160961,FRIMAC SA,857
160969,FRIMAC SA,315
160970,FRIMAC SA,289
160974,FRIMAC SA,290
160976,FRIMAC SA,381
160978,FRIMAC SA,388
160982,FRIMAC SA,424
161015,FRIMAC SA,612
161079,FRIMAC SA,299
161087,FRIMAC SA,283
161091,FRIMAC SA,289
161132,FRIMAC SA,544
161155,FRIMAC SA,367
161276,FRIMAC SA,1451
161284,FRIMAC SA,292
161332,FRIMAC SA,426
161335,FRIMAC SA,473
161337,FRIMAC SA,508
161338,FRIMAC SA,628
161340,FRIMAC SA,295
161341,FRIMAC SA,289
161342,FRIMAC SA,202
161344,FRIMAC SA,1802
161345,FRIMAC SA,2031
161346,FRIMAC SA,703
161347,FRIMAC SA,3000
161349,FRIMAC SA,413
161350,FRIMAC SA,358
161351,FRIMAC SA,1065
161352,FRIMAC SA,873
161353,FRIMAC SA,422
161355,FRIMAC SA,1022
161356,FRIMAC SA,535
161357,FRIMAC SA,769
161358,FRIMAC SA,871
161360,FRIMAC SA,654
161361,FRIMAC SA,741
161362,FRIMAC SA,290
161387,FRIMAC SA,0
161388,FRIMAC SA,1008
161389,FRIMAC SA,438
161391,FRIMAC SA,798
161392,FRIMAC SA,842
161393,FRIMAC SA,307
161394,FRIMAC SA,583
161397,FRIMAC SA,822
161398,FRIMAC SA,768
161400,FRIMAC SA,1484
161401,FRIMAC SA,457
161418,FRIMAC SA,209
161421,FRIMAC SA,368
161422,FRIMAC SA,422
161428,FRIMAC SA,382
161438,FRIMAC SA,355
161482,FRIMAC SA,3000
161483,FRIMAC SA,353
161501,FRIMAC SA,394
170027,FRIMAC SA,183
170180,FRIMAC SA,1314
170182,FRIMAC SA,738
170201,FRIMAC SA,510
170277,FRIMAC SA,145
170278,FRIMAC SA,354
170284,FRIMAC SA,1977
170285,FRIMAC SA,1210
170321,FRIMAC SA,810
170376,FRIMAC SA,286
170388,FRIMAC SA,152
170599,FRIMAC SA,190
170608,FRIMAC SA,1540
170654,FRIMAC SA,421
170682,FRIMAC SA,623
170694,FRIMAC SA,202
170729,FRIMAC SA,1343
170730,FRIMAC SA,1122
170731,FRIMAC SA,679
170743,FRIMAC SA,1302
170794,FRIMAC SA,326
170863,FRIMAC SA,862
170945,FRIMAC SA,1262
171029,FRIMAC SA,25
171065,FRIMAC SA,0
171101,FRIMAC SA,887
171237,FRIMAC SA,1424
171247,FRIMAC SA,320
171449,FRIMAC SA,369
171452,FRIMAC SA,309
171456,FRIMAC SA,206
171500,FRIMAC SA,277
171504,FRIMAC SA,376
171514,FRIMAC SA,0
171533,FRIMAC SA,1493
171538,FRIMAC SA,14
171546,FRIMAC SA,148
171551,FRIMAC SA,195
171590,FRIMAC SA,577
171621,FRIMAC SA,396
171665,FRIMAC SA,202
171679,FRIMAC SA,190
171680,FRIMAC SA,223
171693,FRIMAC SA,401
171698,FRIMAC SA,202
171700,FRIMAC SA,150
171701,FRIMAC SA,358
171705,FRIMAC SA,460
171707,FRIMAC SA,384
171719,FRIMAC SA,289
171739,FRIMAC SA,0
171758,FRIMAC SA,710
171770,FRIMAC SA,228
171772,FRIMAC SA,189
171776,FRIMAC SA,351
171777,FRIMAC SA,0
171782,FRIMAC SA,183
171783,FRIMAC SA,145
171784,FRIMAC SA,175
171794,FRIMAC SA,251
171795,FRIMAC SA,168
171797,FRIMAC SA,269
171798,FRIMAC SA,57
171799,FRIMAC SA,292
171805,FRIMAC SA,258
171817,FRIMAC SA,250
171818,FRIMAC SA,592
171825,FRIMAC SA,177
171833,FRIMAC SA,146
171838,FRIMAC SA,155
171851,FRIMAC SA,403
171856,FRIMAC SA,312
171864,FRIMAC SA,468
171865,FRIMAC SA,183
171877,FRIMAC SA,148
171885,FRIMAC SA,156
171900,FRIMAC SA,257
171905,FRIMAC SA,569
171914,FRIMAC SA,150
171925,FRIMAC SA,245
171930,FRIMAC SA,147
171931,FRIMAC SA,343
171937,FRIMAC SA,189
171943,FRIMAC SA,188
171969,FRIMAC SA,1119
172008,FRIMAC SA,331
172017,FRIMAC SA,634
172032,FRIMAC SA,440
172033,FRIMAC SA,154
172051,FRIMAC SA,146
172054,FRIMAC SA,173
172129,FRIMAC SA,442
172131,FRIMAC SA,395
172138,FRIMAC SA,221
172165,FRIMAC SA,305
172175,FRIMAC SA,150
172176,FRIMAC SA,178
172184,FRIMAC SA,178
172192,FRIMAC SA,295
172285,FRIMAC SA,154
172287,FRIMAC SA,188
172297,FRIMAC SA,221
172371,FRIMAC SA,321
172374,FRIMAC SA,163
172379,FRIMAC SA,0
172380,FRIMAC SA,94
172472,FRIMAC SA,2207
172475,FRIMAC SA,34
172580,FRIMAC SA,1052
172581,FRIMAC SA,955
172746,FRIMAC SA,145
172803,FRIMAC SA,196
172927,FRIMAC SA,206
173020,FRIMAC SA,959
180129,FRIMAC SA,0
180130,FRIMAC SA,1284
180131,FRIMAC SA,0
180135,FRIMAC SA,347
180148,FRIMAC SA,314
180192,FRIMAC SA,197
180228,FRIMAC SA,1074
180235,FRIMAC SA,379
180242,FRIMAC SA,949
180248,FRIMAC SA,385
180299,FRIMAC SA,304
180352,FRIMAC SA,582
180378,FRIMAC SA,357
180399,FRIMAC SA,297
180403,FRIMAC SA,2614
180405,FRIMAC SA,1279
180415,FRIMAC SA,0
180420,FRIMAC SA,423
180430,FRIMAC SA,300
180437,FRIMAC SA,498
180438,FRIMAC SA,317
180441,FRIMAC SA,289
180451,FRIMAC SA,210
180454,FRIMAC SA,290
180458,FRIMAC SA,1728
180460,FRIMAC SA,298
180461,FRIMAC SA,311
180472,FRIMAC SA,326
180479,FRIMAC SA,512
180493,FRIMAC SA,1344
180494,FRIMAC SA,722
180502,FRIMAC SA,608
180503,FRIMAC SA,436
180505,FRIMAC SA,0
180511,FRIMAC SA,412
180515,FRIMAC SA,262
180516,FRIMAC SA,425
180530,FRIMAC SA,360
180567,FRIMAC SA,351
180587,FRIMAC SA,351
180592,FRIMAC SA,424
180595,FRIMAC SA,298
180596,FRIMAC SA,398
180597,FRIMAC SA,353
180598,FRIMAC SA,326
180599,FRIMAC SA,489
180604,FRIMAC SA,0
180605,FRIMAC SA,517
180624,FRIMAC SA,427
180629,FRIMAC SA,285
180631,FRIMAC SA,289
180632,FRIMAC SA,439
180635,FRIMAC SA,295
180660,FRIMAC SA,1792
180745,FRIMAC SA,1185
180783,FRIMAC SA,295
180791,FRIMAC SA,0
180792,FRIMAC SA,487
180798,FRIMAC SA,0
180799,FRIMAC SA,1578
180800,FRIMAC SA,996
180941,FRIMAC SA,342
180959,FRIMAC SA,380
180960,FRIMAC SA,448
180964,FRIMAC SA,909
180965,FRIMAC SA,289
180966,FRIMAC SA,394
180967,FRIMAC SA,379
180974,FRIMAC SA,430
180975,FRIMAC SA,145
180982,FRIMAC SA,437
180983,FRIMAC SA,293
181005,FRIMAC SA,0
181035,FRIMAC SA,319
181036,FRIMAC SA,309
181043,FRIMAC SA,154
181046,FRIMAC SA,342
181047,FRIMAC SA,3000
181048,FRIMAC SA,367
181049,FRIMAC SA,312
181050,FRIMAC SA,344
181052,FRIMAC SA,535
181053,FRIMAC SA,392
181060,FRIMAC SA,395
181061,FRIMAC SA,397
181064,FRIMAC SA,1298
181072,FRIMAC SA,145
181078,FRIMAC SA,249
181081,FRIMAC SA,306
181082,FRIMAC SA,388
181083,FRIMAC SA,376
181084,FRIMAC SA,430
181085,FRIMAC SA,479
181086,FRIMAC SA,322
181087,FRIMAC SA,510
181090,FRIMAC SA,537
181091,FRIMAC SA,321
181092,FRIMAC SA,645
181093,FRIMAC SA,220
181095,FRIMAC SA,382
181097,FRIMAC SA,359
181098,FRIMAC SA,386
181099,FRIMAC SA,663
181100,FRIMAC SA,248
181101,FRIMAC SA,273
181102,FRIMAC SA,349
181107,FRIMAC SA,452
181111,FRIMAC SA,236
181112,FRIMAC SA,375
181117,FRIMAC SA,345
181118,FRIMAC SA,147
181119,FRIMAC SA,377
181120,FRIMAC SA,248
181121,FRIMAC SA,358
181122,FRIMAC SA,301
181123,FRIMAC SA,355
181125,FRIMAC SA,273
181133,FRIMAC SA,399
181135,FRIMAC SA,395
181136,FRIMAC SA,390
181137,FRIMAC SA,278
181145,FRIMAC SA,457
181146,FRIMAC SA,476
181149,FRIMAC SA,451
181155,FRIMAC SA,449
181157,FRIMAC SA,303
181160,FRIMAC SA,513
181161,FRIMAC SA,317
181162,FRIMAC SA,272
181163,FRIMAC SA,419
181167,FRIMAC SA,3000
181171,FRIMAC SA,366
181178,FRIMAC SA,919
181179,FRIMAC SA,404
181180,FRIMAC SA,479
181181,FRIMAC SA,1703
181223,FRIMAC SA,246
181230,FRIMAC SA,351
181302,FRIMAC SA,462
181303,FRIMAC SA,289
181305,FRIMAC SA,320
181306,FRIMAC SA,330
181310,FRIMAC SA,416
181319,FRIMAC SA,328
181320,FRIMAC SA,302
181322,FRIMAC SA,489
181333,FRIMAC SA,394
181360,FRIMAC SA,375
181361,FRIMAC SA,483
181362,FRIMAC SA,355
181365,FRIMAC SA,306
181368,FRIMAC SA,310
181369,FRIMAC SA,3000
181393,FRIMAC SA,663
181396,FRIMAC SA,709
181423,FRIMAC SA,329
181426,FRIMAC SA,522
181427,FRIMAC SA,798
181470,FRIMAC SA,372
181496,FRIMAC SA,356
181546,FRIMAC SA,307
181566,FRIMAC SA,443
181655,FRIMAC SA,453
181701,FRIMAC SA,578
181773,FRIMAC SA,534
181803,FRIMAC SA,303
181804,FRIMAC SA,293
181805,FRIMAC SA,361
181806,FRIMAC SA,367
181810,FRIMAC SA,329
181843,FRIMAC SA,732
181847,FRIMAC SA,173
181853,FRIMAC SA,290
181877,FRIMAC SA,329
181878,FRIMAC SA,660
181879,FRIMAC SA,546
400242,FRIMAC SA,352
400244,FRIMAC SA,2365
400247,FRIMAC SA,624
400250,FRIMAC SA,375
400266,FRIMAC SA,1802
400267,FRIMAC SA,145
400268,FRIMAC SA,1066
400269,FRIMAC SA,0
400271,FRIMAC SA,1455
400296,FRIMAC SA,842
400303,FRIMAC SA,823
400310,FRIMAC SA,528
400330,FRIMAC SA,499
400464,FRIMAC SA,338
400474,FRIMAC SA,350
400481,FRIMAC SA,468
400484,FRIMAC SA,318
400485,FRIMAC SA,641
400491,FRIMAC SA,352
400529,FRIMAC SA,773
400551,FRIMAC SA,454
400557,FRIMAC SA,491
400596,FRIMAC SA,414
400597,FRIMAC SA,610
400600,FRIMAC SA,258
400601,FRIMAC SA,318
400602,FRIMAC SA,617
400744,FRIMAC SA,327
400790,FRIMAC SA,902
400812,FRIMAC SA,521
400824,FRIMAC SA,908
401016,FRIMAC SA,899
401034,FRIMAC SA,483
401062,FRIMAC SA,626
410113,FRIMAC SA,698
411394,FRIMAC SA,1304
600001,FRIMAC SA,1046
600002,FRIMAC SA,389
600003,FRIMAC SA,873
600004,FRIMAC SA,256
600005,FRIMAC SA,3000
600006,FRIMAC SA,1347
600007,FRIMAC SA,386
600014,FRIMAC SA,409
600015,FRIMAC SA,3000
600016,FRIMAC SA,340
600017,FRIMAC SA,684
600021,FRIMAC SA,504
600024,FRIMAC SA,145
600025,FRIMAC SA,952
600026,FRIMAC SA,0
600027,FRIMAC SA,145
600030,FRIMAC SA,348
600031,FRIMAC SA,367
600032,FRIMAC SA,422
600033,FRIMAC SA,389
600034,FRIMAC SA,410
600035,FRIMAC SA,307
600036,FRIMAC SA,617
600038,FRIMAC SA,550
600059,FRIMAC SA,335
600060,FRIMAC SA,393
600061,FRIMAC SA,325
600068,FRIMAC SA,3000
600075,FRIMAC SA,1091
600110,FRIMAC SA,747
600112,FRIMAC SA,679
600117,FRIMAC SA,289
600121,FRIMAC SA,597
600122,FRIMAC SA,416
600123,FRIMAC SA,2403
600124,FRIMAC SA,442
600125,FRIMAC SA,328
600126,FRIMAC SA,720
600127,FRIMAC SA,356
600128,FRIMAC SA,508
600138,FRIMAC SA,1847
600139,FRIMAC SA,334
600141,FRIMAC SA,335
600143,FRIMAC SA,145
600144,FRIMAC SA,641
600152,FRIMAC SA,1399
600153,FRIMAC SA,625
600154,FRIMAC SA,334
600155,FRIMAC SA,1070
600158,FRIMAC SA,882
600159,FRIMAC SA,383
600160,FRIMAC SA,297
600161,FRIMAC SA,492
600164,FRIMAC SA,331
600166,FRIMAC SA,2248
600168,FRIMAC SA,459
600170,FRIMAC SA,360
600172,FRIMAC SA,369
600173,FRIMAC SA,920
600177,FRIMAC SA,1288
600180,FRIMAC SA,0
600184,FRIMAC SA,289
600185,FRIMAC SA,354
600186,FRIMAC SA,524
600187,FRIMAC SA,339
600188,FRIMAC SA,474
600189,FRIMAC SA,335
600190,FRIMAC SA,186
600191,FRIMAC SA,1068
600195,FRIMAC SA,751
600200,FRIMAC SA,302
600202,FRIMAC SA,289
600206,FRIMAC SA,760
600214,FRIMAC SA,298
601001,FRIMAC SA,308
601005,FRIMAC SA,339
601007,FRIMAC SA,695
601008,FRIMAC SA,851
601012,FRIMAC SA,307
601016,FRIMAC SA,452
601017,FRIMAC SA,672
601018,FRIMAC SA,1244
601019,FRIMAC SA,385
601020,FRIMAC SA,347
601021,FRIMAC SA,586
601039,FRIMAC SA,630
601046,FRIMAC SA,518
601051,FRIMAC SA,1851
601055,FRIMAC SA,1097
601057,FRIMAC SA,463
601058,FRIMAC SA,329
601059,FRIMAC SA,369
601065,FRIMAC SA,1095
601067,FRIMAC SA,764
601068,FRIMAC SA,192
601071,FRIMAC SA,291
601072,FRIMAC SA,525
601073,FRIMAC SA,518
601074,FRIMAC SA,727
601077,FRIMAC SA,478
601079,FRIMAC SA,1567
601085,FRIMAC SA,197
601103,FRIMAC SA,543
601125,FRIMAC SA,345
601131,FRIMAC SA,379
601132,FRIMAC SA,815
601136,FRIMAC SA,428
601140,FRIMAC SA,468
601141,FRIMAC SA,1489
601142,FRIMAC SA,536
601160,FRIMAC SA,525
601162,FRIMAC SA,382
601182,FRIMAC SA,352
601183,FRIMAC SA,2105
601186,FRIMAC SA,441
601190,FRIMAC SA,527
601194,FRIMAC SA,761
601198,FRIMAC SA,567
601201,FRIMAC SA,326
601203,FRIMAC SA,416
601204,FRIMAC SA,280
601211,FRIMAC SA,290
601214,FRIMAC SA,468
601217,FRIMAC SA,2907
601224,FRIMAC SA,486
601266,FRIMAC SA,3000
601271,FRIMAC SA,469
601274,FRIMAC SA,406
601285,FRIMAC SA,2173
601296,FRIMAC SA,580
601298,FRIMAC SA,401
601299,FRIMAC SA,360
601300,FRIMAC SA,353
601301,FRIMAC SA,340
601302,FRIMAC SA,353
601362,FRIMAC SA,416
601364,FRIMAC SA,505
601375,FRIMAC SA,609
601414,FRIMAC SA,583
601416,FRIMAC SA,1154
601417,FRIMAC SA,1773
601440,FRIMAC SA,0
601473,FRIMAC SA,398
601476,FRIMAC SA,443
601480,FRIMAC SA,334
601481,FRIMAC SA,706
601488,FRIMAC SA,312
601489,FRIMAC SA,355
601490,FRIMAC SA,289
601492,FRIMAC SA,289
601498,FRIMAC SA,326
601501,FRIMAC SA,0
601503,FRIMAC SA,289
601504,FRIMAC SA,960
601506,FRIMAC SA,412
601507,FRIMAC SA,300
601508,FRIMAC SA,483
601514,FRIMAC SA,501
601515,FRIMAC SA,415
601516,FRIMAC SA,347
601517,FRIMAC SA,289
601525,FRIMAC SA,552
601531,FRIMAC SA,346
601534,FRIMAC SA,465
601535,FRIMAC SA,488
601540,FRIMAC SA,300
601559,FRIMAC SA,390
601561,FRIMAC SA,289
601565,FRIMAC SA,698
601567,FRIMAC SA,0
601569,FRIMAC SA,367
601571,FRIMAC SA,1872
601585,FRIMAC SA,778
601594,FRIMAC SA,341
601602,FRIMAC SA,580
601603,FRIMAC SA,262
601606,FRIMAC SA,902
601607,FRIMAC SA,688
601609,FRIMAC SA,683
601617,FRIMAC SA,311
601618,FRIMAC SA,554
601622,FRIMAC SA,1222
601624,FRIMAC SA,666
601644,FRIMAC SA,463
601646,FRIMAC SA,221
601647,FRIMAC SA,809
601656,FRIMAC SA,682
601660,FRIMAC SA,360
601672,FRIMAC SA,537
601673,FRIMAC SA,772
601700,FRIMAC SA,354
601703,FRIMAC SA,410
601711,FRIMAC SA,338
601712,FRIMAC SA,560
601713,FRIMAC SA,460
601714,FRIMAC SA,1022
601717,FRIMAC SA,368
601745,FRIMAC SA,2559
601757,FRIMAC SA,457
601778,FRIMAC SA,373
601801,FRIMAC SA,312
601802,FRIMAC SA,410
601803,FRIMAC SA,291
601808,FRIMAC SA,323
601810,FRIMAC SA,462
601812,FRIMAC SA,530
601828,FRIMAC SA,444
601832,FRIMAC SA,289
601833,FRIMAC SA,0
601834,FRIMAC SA,439
601837,FRIMAC SA,300
601843,FRIMAC SA,0
601845,FRIMAC SA,351
601847,FRIMAC SA,340
601849,FRIMAC SA,314
601851,FRIMAC SA,216
601854,FRIMAC SA,691
601855,FRIMAC SA,546
601857,FRIMAC SA,290
601858,FRIMAC SA,779
601859,FRIMAC SA,651
601860,FRIMAC SA,289
601863,FRIMAC SA,900
601866,FRIMAC SA,408
601867,FRIMAC SA,289
601868,FRIMAC SA,1205
601872,FRIMAC SA,2514
601877,FRIMAC SA,670
601878,FRIMAC SA,725
601880,FRIMAC SA,292
601893,FRIMAC SA,665
601894,FRIMAC SA,373
601895,FRIMAC SA,362
601896,FRIMAC SA,249
601899,FRIMAC SA,291
601900,FRIMAC SA,903
601901,FRIMAC SA,324
601908,FRIMAC SA,302
601909,FRIMAC SA,310
601919,FRIMAC SA,420
601922,FRIMAC SA,446
601924,FRIMAC SA,348
601931,FRIMAC SA,381
601932,FRIMAC SA,384
601937,FRIMAC SA,289
601939,FRIMAC SA,555
601946,FRIMAC SA,434
601952,FRIMAC SA,291
601957,FRIMAC SA,616
601958,FRIMAC SA,838
601966,FRIMAC SA,699
601984,FRIMAC SA,307
601987,FRIMAC SA,590
601989,FRIMAC SA,0
601996,FRIMAC SA,0
602005,FRIMAC SA,1284
602007,FRIMAC SA,700
602011,FRIMAC SA,3000
602024,FRIMAC SA,392
602027,FRIMAC SA,368
602032,FRIMAC SA,305
602040,FRIMAC SA,365
602050,FRIMAC SA,660
602052,FRIMAC SA,288
602071,FRIMAC SA,504
602075,FRIMAC SA,1206
602079,FRIMAC SA,414
602081,FRIMAC SA,1219
602084,FRIMAC SA,1278
602086,FRIMAC SA,1573
602087,FRIMAC SA,679
602097,FRIMAC SA,873
602104,FRIMAC SA,818
602105,FRIMAC SA,611
602109,FRIMAC SA,566
602117,FRIMAC SA,1752
602127,FRIMAC SA,1627
602129,FRIMAC SA,440
602130,FRIMAC SA,387
602131,FRIMAC SA,944
602132,FRIMAC SA,486
602134,FRIMAC SA,293
602137,FRIMAC SA,335
602146,FRIMAC SA,520
602156,FRIMAC SA,1871
602159,FRIMAC SA,0
602164,FRIMAC SA,314
602173,FRIMAC SA,465
602175,FRIMAC SA,378
602186,FRIMAC SA,503
602193,FRIMAC SA,555
602194,FRIMAC SA,513
602195,FRIMAC SA,0
602198,FRIMAC SA,438
602213,FRIMAC SA,2091
602214,FRIMAC SA,3000
602217,FRIMAC SA,433
602225,FRIMAC SA,646
602235,FRIMAC SA,299
602236,FRIMAC SA,515
602237,FRIMAC SA,352
602238,FRIMAC SA,188
602239,FRIMAC SA,380
602244,FRIMAC SA,468
602245,FRIMAC SA,472
602246,FRIMAC SA,291
602248,FRIMAC SA,366
602250,FRIMAC SA,1356
602252,FRIMAC SA,611
602257,FRIMAC SA,1423
602264,FRIMAC SA,532
602265,FRIMAC SA,321
602267,FRIMAC SA,1062
602268,FRIMAC SA,1240
602269,FRIMAC SA,342
602270,FRIMAC SA,347
602271,FRIMAC SA,959
602272,FRIMAC SA,587
602278,FRIMAC SA,1606
602282,FRIMAC SA,361
602287,FRIMAC SA,363
602288,FRIMAC SA,469
602290,FRIMAC SA,552
602291,FRIMAC SA,649
602292,FRIMAC SA,457
602293,FRIMAC SA,457
602294,FRIMAC SA,706
602295,FRIMAC SA,504
602296,FRIMAC SA,581
602299,FRIMAC SA,612
602314,FRIMAC SA,659
602315,FRIMAC SA,521
602316,FRIMAC SA,1079
602320,FRIMAC SA,545
602321,FRIMAC SA,522
602335,FRIMAC SA,566
602337,FRIMAC SA,308
602357,FRIMAC SA,295
602370,FRIMAC SA,548
602371,FRIMAC SA,542
602374,FRIMAC SA,496
602375,FRIMAC SA,520
602376,FRIMAC SA,526
602394,FRIMAC SA,529
602397,FRIMAC SA,502
602398,FRIMAC SA,1386
602400,FRIMAC SA,589
602401,FRIMAC SA,1698
602402,FRIMAC SA,595
602404,FRIMAC SA,714
602405,FRIMAC SA,289
602409,FRIMAC SA,323
602416,FRIMAC SA,479
602418,FRIMAC SA,0
602429,FRIMAC SA,439
602433,FRIMAC SA,412
602435,FRIMAC SA,289
602440,FRIMAC SA,585
602442,FRIMAC SA,382
602444,FRIMAC SA,572
602448,FRIMAC SA,0
602450,FRIMAC SA,290
602453,FRIMAC SA,797
602517,FRIMAC SA,574
602522,FRIMAC SA,441
602557,FRIMAC SA,565
602558,FRIMAC SA,503
602559,FRIMAC SA,374
602560,FRIMAC SA,212
602565,FRIMAC SA,365
602647,FRIMAC SA,559
602704,FRIMAC SA,413
602724,FRIMAC SA,290
602803,FRIMAC SA,360
602811,FRIMAC SA,1435
602817,FRIMAC SA,324
602829,FRIMAC SA,312
602830,FRIMAC SA,0
602946,FRIMAC SA,665
602982,FRIMAC SA,399
603003,FRIMAC SA,331
603026,FRIMAC SA,0
603098,FRIMAC SA,584
603105,FRIMAC SA,643
603125,FRIMAC SA,524
603226,FRIMAC SA,318
603227,FRIMAC SA,0
603550,FRIMAC SA,289
603605,FRIMAC SA,644
603635,FRIMAC SA,395
603699,FRIMAC SA,618
603722,FRIMAC SA,648
603817,FRIMAC SA,418
603850,FRIMAC SA,414
603895,FRIMAC SA,289
603912,FRIMAC SA,448
603919,FRIMAC SA,467
603927,FRIMAC SA,610
603929,FRIMAC SA,619
603946,FRIMAC SA,665
603956,FRIMAC SA,826
603965,FRIMAC SA,555
603973,FRIMAC SA,545
603975,FRIMAC SA,665
603977,FRIMAC SA,447
603980,FRIMAC SA,3000
603981,FRIMAC SA,579
603982,FRIMAC SA,646
603985,FRIMAC SA,714
603990,FRIMAC SA,625
604004,FRIMAC SA,457
604018,FRIMAC SA,442
604026,FRIMAC SA,649
604032,FRIMAC SA,579
604034,FRIMAC SA,365
604052,FRIMAC SA,392
604058,FRIMAC SA,1491
604063,FRIMAC SA,336
604076,FRIMAC SA,330
604078,FRIMAC SA,558
604084,FRIMAC SA,652
604108,FRIMAC SA,530
604121,FRIMAC SA,587
604122,FRIMAC SA,302
604134,FRIMAC SA,646
604135,FRIMAC SA,457
701240,FRIMAC SA,195
701261,FRIMAC SA,595
701262,FRIMAC SA,193
701324,FRIMAC SA,1487
701337,FRIMAC SA,0
701341,FRIMAC SA,348
701398,FRIMAC SA,192
701460,FRIMAC SA,0
701500,FRIMAC SA,1269
701539,FRIMAC SA,239
701557,FRIMAC SA,1424
701645,FRIMAC SA,227
701648,FRIMAC SA,363
701649,FRIMAC SA,169
701653,FRIMAC SA,183
701657,FRIMAC SA,997
701725,FRIMAC SA,524
701776,FRIMAC SA,193
701902,FRIMAC SA,1045
702048,FRIMAC SA,573
702053,FRIMAC SA,544
702068,FRIMAC SA,358
702087,FRIMAC SA,232
702111,FRIMAC SA,900
702116,FRIMAC SA,230
702127,FRIMAC SA,0
702131,FRIMAC SA,0
702139,FRIMAC SA,844
702228,FRIMAC SA,0
702234,FRIMAC SA,0
702343,FRIMAC SA,0
702344,FRIMAC SA,0
702347,FRIMAC SA,0
901502,FRIMAC SA,324
901598,FRIMAC SA,636
901610,FRIMAC SA,369
901613,FRIMAC SA,579
901627,FRIMAC SA,337
901628,FRIMAC SA,517
901632,FRIMAC SA,299
901638,FRIMAC SA,1101
901724,FRIMAC SA,908
901725,FRIMAC SA,516
901732,FRIMAC SA,771
901763,FRIMAC SA,664
901767,FRIMAC SA,2094
901769,FRIMAC SA,520
901777,FRIMAC SA,1179
901788,FRIMAC SA,311
901789,FRIMAC SA,477
901849,FRIMAC SA,224
901856,FRIMAC SA,1018
901859,FRIMAC SA,452
901951,FRIMAC SA,254
902145,FRIMAC SA,517
902283,FRIMAC SA,180
902414,FRIMAC SA,2304
902435,FRIMAC SA,568
902593,FRIMAC SA,574
902597,FRIMAC SA,402
902599,FRIMAC SA,502
902606,FRIMAC SA,417
902607,FRIMAC SA,514
902629,FRIMAC SA,542
902630,FRIMAC SA,289
902664,FRIMAC SA,292
902689,FRIMAC SA,533
902781,FRIMAC SA,582
902820,FRIMAC SA,532
902825,FRIMAC SA,1012
902841,FRIMAC SA,515
902871,FRIMAC SA,555
902872,FRIMAC SA,0
902877,FRIMAC SA,899
902878,FRIMAC SA,486
902906,FRIMAC SA,537
902912,FRIMAC SA,1563
902953,FRIMAC SA,474
903032,FRIMAC SA,3000
903040,FRIMAC SA,933
903053,FRIMAC SA,364
903061,FRIMAC SA,458
903075,FRIMAC SA,570
903076,FRIMAC SA,290
903082,FRIMAC SA,1070
903083,FRIMAC SA,490
903121,FRIMAC SA,547
903122,FRIMAC SA,760
903125,FRIMAC SA,1672
903126,FRIMAC SA,578
903137,FRIMAC SA,1520
903138,FRIMAC SA,350
903140,FRIMAC SA,393
903142,FRIMAC SA,1803
903147,FRIMAC SA,2374
903153,FRIMAC SA,746
903213,FRIMAC SA,595
903291,FRIMAC SA,223
903329,FRIMAC SA,530
903335,FRIMAC SA,0
903349,FRIMAC SA,1011
903358,FRIMAC SA,216
903411,FRIMAC SA,493
903437,FRIMAC SA,478
903443,FRIMAC SA,533
903446,FRIMAC SA,511
903449,FRIMAC SA,424
903453,FRIMAC SA,489
903462,FRIMAC SA,378
903463,FRIMAC SA,479
903467,FRIMAC SA,677
903468,FRIMAC SA,269
903475,FRIMAC SA,603
903479,FRIMAC SA,1572
903497,FRIMAC SA,304
903502,FRIMAC SA,387
903505,FRIMAC SA,624
903512,FRIMAC SA,490
903513,FRIMAC SA,376
903514,FRIMAC SA,957
903515,FRIMAC SA,889
903516,FRIMAC SA,1120
903517,FRIMAC SA,1068
903518,FRIMAC SA,1428
903522,FRIMAC SA,289
903531,FRIMAC SA,637
903532,FRIMAC SA,927
903533,FRIMAC SA,613
903534,FRIMAC SA,546
903535,FRIMAC SA,859
903539,FRIMAC SA,587
903545,FRIMAC SA,487
903547,FRIMAC SA,365
903557,FRIMAC SA,617
903563,FRIMAC SA,449
903564,FRIMAC SA,447
903565,FRIMAC SA,484
903566,FRIMAC SA,520
903567,FRIMAC SA,290
903571,FRIMAC SA,597
903572,FRIMAC SA,876
903574,FRIMAC SA,811
903581,FRIMAC SA,471
903582,FRIMAC SA,197
903592,FRIMAC SA,458
903596,FRIMAC SA,881
903597,FRIMAC SA,462
903600,FRIMAC SA,553
903610,FRIMAC SA,1276
903615,FRIMAC SA,1936
903636,FRIMAC SA,388
903637,FRIMAC SA,751
903638,FRIMAC SA,326
903668,FRIMAC SA,617
903673,FRIMAC SA,973
903674,FRIMAC SA,935
903691,FRIMAC SA,544
903693,FRIMAC SA,441
903695,FRIMAC SA,917
903710,FRIMAC SA,2227
903724,FRIMAC SA,444
903725,FRIMAC SA,289
903758,FRIMAC SA,289
903759,FRIMAC SA,539
903761,FRIMAC SA,613
903776,FRIMAC SA,511
903796,FRIMAC SA,362
903798,FRIMAC SA,593
903807,FRIMAC SA,358
903811,FRIMAC SA,650
903828,FRIMAC SA,711
903829,FRIMAC SA,599
903838,FRIMAC SA,482
903839,FRIMAC SA,290
903840,FRIMAC SA,746
903852,FRIMAC SA,693
903856,FRIMAC SA,1464
903908,FRIMAC SA,479
903923,FRIMAC SA,607
903959,FRIMAC SA,295
903970,FRIMAC SA,289
904072,FRIMAC SA,517
904117,FRIMAC SA,1144
904136,FRIMAC SA,667
904137,FRIMAC SA,2576
904175,FRIMAC SA,311
904187,FRIMAC SA,403
904228,FRIMAC SA,485
904247,FRIMAC SA,457
904248,FRIMAC SA,392
904256,FRIMAC SA,292
904282,FRIMAC SA,834
904283,FRIMAC SA,996
904329,FRIMAC SA,597
904341,FRIMAC SA,723
904394,FRIMAC SA,610
904395,FRIMAC SA,885
904404,FRIMAC SA,338
904407,FRIMAC SA,406
904415,FRIMAC SA,487
904416,FRIMAC SA,484
904417,FRIMAC SA,294
904431,FRIMAC SA,592
904443,FRIMAC SA,802
904447,FRIMAC SA,689
904457,FRIMAC SA,597
904464,FRIMAC SA,1336
904469,FRIMAC SA,355
904472,FRIMAC SA,1127
904477,FRIMAC SA,576
904482,FRIMAC SA,273
904517,FRIMAC SA,446
904518,FRIMAC SA,298
904593,FRIMAC SA,337
904633,FRIMAC SA,807
904681,FRIMAC SA,295
904687,FRIMAC SA,271
904697,FRIMAC SA,490
904723,FRIMAC SA,927
904756,FRIMAC SA,660
904772,FRIMAC SA,588
904816,FRIMAC SA,511
904817,FRIMAC SA,323
904843,FRIMAC SA,649
904857,FRIMAC SA,0
904886,FRIMAC SA,0
904894,FRIMAC SA,0
904895,FRIMAC SA,0
904931,FRIMAC SA,0
904952,FRIMAC SA,0
904989,FRIMAC SA,417
905009,FRIMAC SA,190
905044,FRIMAC SA,0
905072,FRIMAC SA,342
905075,FRIMAC SA,476
905114,FRIMAC SA,412
905138,FRIMAC SA,531
905151,FRIMAC SA,262
905190,FRIMAC SA,492
905200,FRIMAC SA,520
905214,FRIMAC SA,494
905216,FRIMAC SA,455
905220,FRIMAC SA,1026
905240,FRIMAC SA,557
905246,FRIMAC SA,641
905249,FRIMAC SA,525
905264,FRIMAC SA,0
905273,FRIMAC SA,0
905297,FRIMAC SA,0
905298,FRIMAC SA,0
905307,FRIMAC SA,0
905323,FRIMAC SA,0
905324,FRIMAC SA,0
905327,FRIMAC SA,0
905328,FRIMAC SA,0
905398,FRIMAC SA,0
905450,FRIMAC SA,0
905482,FRIMAC SA,0
905521,FRIMAC SA,0
905524,FRIMAC SA,0
905525,FRIMAC SA,0
905534,FRIMAC SA,0
905558,FRIMAC SA,0
905590,FRIMAC SA,0
905623,FRIMAC SA,0
905624,FRIMAC SA,0
905644,FRIMAC SA,0
905657,FRIMAC SA,0
905694,FRIMAC SA,0
905695,FRIMAC SA,0
905696,FRIMAC SA,0
905697,FRIMAC SA,0
905698,FRIMAC SA,0
905701,FRIMAC SA,0
905810,FRIMAC SA,0
905816,FRIMAC SA,0
905852,FRIMAC SA,0
905860,FRIMAC SA,0
905967,FRIMAC SA,0
152086,Henry Arce Duarte,41
152130,Hernan Andres Agudelo,4
160206,Hernando Alberto Ibañez Sanabria,222
152164,TRANSPORTES ARTICO SAS,1104
152374,TRANSPORTES ARTICO SAS,150
152389,TRANSPORTES ARTICO SAS,6
152410,TRANSPORTES ARTICO SAS,79
152456,TRANSPORTES ARTICO SAS,208
152604,TRANSPORTES ARTICO SAS,335
152637,TRANSPORTES ARTICO SAS,293
160690,TRANSPORTES ARTICO SAS,357
160805,TRANSPORTES ARTICO SAS,0
160806,TRANSPORTES ARTICO SAS,550
160991,TRANSPORTES ARTICO SAS,494
160995,TRANSPORTES ARTICO SAS,640
161011,TRANSPORTES ARTICO SAS,288
161026,TRANSPORTES ARTICO SAS,0
161225,TRANSPORTES ARTICO SAS,1367
161309,TRANSPORTES ARTICO SAS,776
170024,TRANSPORTES ARTICO SAS,981
170153,TRANSPORTES ARTICO SAS,742
170784,TRANSPORTES ARTICO SAS,825
170785,TRANSPORTES ARTICO SAS,281
180373,TRANSPORTES ARTICO SAS,1693
181023,TRANSPORTES ARTICO SAS,0
181026,TRANSPORTES ARTICO SAS,128
181293,TRANSPORTES ARTICO SAS,3000
181316,TRANSPORTES ARTICO SAS,334
181317,TRANSPORTES ARTICO SAS,600
181864,TRANSPORTES ARTICO SAS,833
181865,TRANSPORTES ARTICO SAS,501
401601,TRANSPORTES ARTICO SAS,503
411159,TRANSPORTES ARTICO SAS,15
601010,TRANSPORTES ARTICO SAS,447
601122,TRANSPORTES ARTICO SAS,334
601289,TRANSPORTES ARTICO SAS,1060
602029,TRANSPORTES ARTICO SAS,289
603935,TRANSPORTES ARTICO SAS,2005
701803,TRANSPORTES ARTICO SAS,233
702084,TRANSPORTES ARTICO SAS,136
702086,TRANSPORTES ARTICO SAS,49
903069,TRANSPORTES ARTICO SAS,831
903161,TRANSPORTES ARTICO SAS,353
903162,TRANSPORTES ARTICO SAS,527
903237,TRANSPORTES ARTICO SAS,684
903331,TRANSPORTES ARTICO SAS,1447
904455,TRANSPORTES ARTICO SAS,419
151783,CONEXION DIGITAL EXPRESS SAS,225
152249,CONEXION DIGITAL EXPRESS SAS,243
152282,CONEXION DIGITAL EXPRESS SAS,333
152299,CONEXION DIGITAL EXPRESS SAS,143
152301,CONEXION DIGITAL EXPRESS SAS,330
152302,CONEXION DIGITAL EXPRESS SAS,126
152303,CONEXION DIGITAL EXPRESS SAS,203
152306,CONEXION DIGITAL EXPRESS SAS,226
152307,CONEXION DIGITAL EXPRESS SAS,276
152589,CONEXION DIGITAL EXPRESS SAS,0
152591,CONEXION DIGITAL EXPRESS SAS,284
152621,CONEXION DIGITAL EXPRESS SAS,319
161017,CONEXION DIGITAL EXPRESS SAS,290
170695,CONEXION DIGITAL EXPRESS SAS,500
170701,CONEXION DIGITAL EXPRESS SAS,252
170739,CONEXION DIGITAL EXPRESS SAS,171
181574,CONEXION DIGITAL EXPRESS SAS,283
181580,CONEXION DIGITAL EXPRESS SAS,120
701772,CONEXION DIGITAL EXPRESS SAS,273
701773,CONEXION DIGITAL EXPRESS SAS,207
701774,CONEXION DIGITAL EXPRESS SAS,248
701889,CONEXION DIGITAL EXPRESS SAS,209
701890,CONEXION DIGITAL EXPRESS SAS,597
152063,Manuel Alirio Jaramillo Giraldo,74
152625,Manuel Alirio Jaramillo Giraldo,115
170336,Manuel Alirio Jaramillo Giraldo,15
171855,Manuel Alirio Jaramillo Giraldo,43
171991,Manuel Alirio Jaramillo Giraldo,78
172160,Manuel Alirio Jaramillo Giraldo,25
172815,Manuel Alirio Jaramillo Giraldo,62
180175,Manuel Alirio Jaramillo Giraldo,70
180654,Manuel Alirio Jaramillo Giraldo,9
701948,Manuel Alirio Jaramillo Giraldo,56
152191,Alejandro Monsalve,78
152094,Inocencio Garcia Sanchez,96
152217,Oscar Dario Cruz Perez,80
152216,Sergio Enrique Caro Varela,109
30423,Hernan Jaramillo Ortiz,23
171264,Hernan Jaramillo Ortiz,27
140036,EMPRESA SOCIAL DEL ESTADO HOSPITAL MENTAL,291
200235,EMPRESA SOCIAL DEL ESTADO HOSPITAL MENTAL,293
250046,EMPRESA SOCIAL DEL ESTADO HOSPITAL MENTAL,290
250047,EMPRESA SOCIAL DEL ESTADO HOSPITAL MENTAL,290
261110,EMPRESA SOCIAL DEL ESTADO HOSPITAL MENTAL,290
152224,Mauricio Montoya Arenas,59
152259,Robinson Giraldo Salazar,4
172157,Robinson Giraldo Salazar,5
411004,Daniel Alejandro Piedrahita Zapata,245
152221,Gustavo Alberto Llanos Olivares,13
152260,Luisa Fernanda Bedoya Osorio,6
152292,Fabio Cesar Betancur Cataño,7
702186,Fabio Cesar Betancur Cataño,51
152275,Arturo De  Jesus  Castañeda Gomez,50
151751,CORDIMUDANZAS,6
170126,CORDIMUDANZAS,0
171354,CORDIMUDANZAS,24
172154,CORDIMUDANZAS,75
152359,Juan Alfredo Sanchez,5
172774,Dany Alexander Betancur,88
152343,German Ul Mosquera,44
152267,Simon Alonso Torres,9
152268,Juan Fernando Tamayo Echeverri,25
180142,POLLO ANDINO  SA,677
180490,POLLO ANDINO  SA,598
181315,POLLO ANDINO  SA,296
400218,POLLO ANDINO  SA,289
400233,POLLO ANDINO  SA,891
400305,POLLO ANDINO  SA,1051
400327,POLLO ANDINO  SA,307
400382,POLLO ANDINO  SA,289
400390,POLLO ANDINO  SA,1162
400392,POLLO ANDINO  SA,1096
400393,POLLO ANDINO  SA,657
400439,POLLO ANDINO  SA,641
400442,POLLO ANDINO  SA,1610
400444,POLLO ANDINO  SA,1269
400456,POLLO ANDINO  SA,2095
400457,POLLO ANDINO  SA,1016
400458,POLLO ANDINO  SA,3000
400465,POLLO ANDINO  SA,0
400467,POLLO ANDINO  SA,1164
400468,POLLO ANDINO  SA,1006
400471,POLLO ANDINO  SA,893
400476,POLLO ANDINO  SA,1189
400477,POLLO ANDINO  SA,474
400478,POLLO ANDINO  SA,729
400479,POLLO ANDINO  SA,1041
400480,POLLO ANDINO  SA,1076
400518,POLLO ANDINO  SA,871
400519,POLLO ANDINO  SA,698
400520,POLLO ANDINO  SA,383
400521,POLLO ANDINO  SA,1159
401043,POLLO ANDINO  SA,1324
410065,POLLO ANDINO  SA,664
410391,POLLO ANDINO  SA,359
490038,POLLO ANDINO  SA,1160
490129,POLLO ANDINO  SA,296
601737,POLLO ANDINO  SA,289
601992,POLLO ANDINO  SA,809
602588,POLLO ANDINO  SA,513
603257,POLLO ANDINO  SA,0
702243,POLLO ANDINO  SA,0
901971,POLLO ANDINO  SA,0
903338,POLLO ANDINO  SA,615
903541,POLLO ANDINO  SA,1306
903729,POLLO ANDINO  SA,559
903820,POLLO ANDINO  SA,672
904167,POLLO ANDINO  SA,290
904533,POLLO ANDINO  SA,379
150365,TRANSPORTES V & C S.A.S,50
170581,TRANSPORTES V & C S.A.S,2
181266,TRANSPORTES V & C S.A.S,94
152320,NEURODINAMIA SA,148
172889,NEURODINAMIA SA,647
152340,Nicolas de Jesus Noreña Garzon,1
152349,Oscar Fernando Castrillón,70
152390,ECOPOSITIVA SAS ESP,348
152391,ECOPOSITIVA SAS ESP,475
152394,ECOPOSITIVA SAS ESP,391
152395,ECOPOSITIVA SAS ESP,44
152398,ECOPOSITIVA SAS ESP,309
152401,ECOPOSITIVA SAS ESP,289
152413,ECOPOSITIVA SAS ESP,28
152417,ECOPOSITIVA SAS ESP,452
170579,ECOPOSITIVA SAS ESP,399
170676,ECOPOSITIVA SAS ESP,406
170842,ECOPOSITIVA SAS ESP,485
172068,ECOPOSITIVA SAS ESP,394
161075,Beatriz Elena Luna Quintero,27
181856,Beatriz Elena Luna Quintero,289
903340,Beatriz Elena Luna Quintero,898
31122,PILOT PUBLICIDAD SAS,3
200217,PROMED QUIRURGICOS EU,289
201192,PROMED QUIRURGICOS EU,291
152375,PASTELPAN LAS ENVINADAS DE BUENOS AIRES S.A.S,390
152376,PASTELPAN LAS ENVINADAS DE BUENOS AIRES S.A.S,475
152377,PASTELPAN LAS ENVINADAS DE BUENOS AIRES S.A.S,343
152378,PASTELPAN LAS ENVINADAS DE BUENOS AIRES S.A.S,284
170683,PASTELPAN LAS ENVINADAS DE BUENOS AIRES S.A.S,302
171294,PASTELPAN LAS ENVINADAS DE BUENOS AIRES S.A.S,322
180194,GRUPO COMERCIAL TOLIMENSE SAS,986
200192,HEALTHY MEDICAL CENTER SAS,318
210025,HEALTHY MEDICAL CENTER SAS,313
152182,Nelson Alberto Quiroga Forero,32
152382,Nelson Alberto Quiroga Forero,14
152555,Nelson Alberto Quiroga Forero,62
152557,Nelson Alberto Quiroga Forero,1
152396,CONGELADOS AGRICOLAS SA CONGELAGRO SA,101
152408,CONGELADOS AGRICOLAS SA CONGELAGRO SA,48
152411,CONGELADOS AGRICOLAS SA CONGELAGRO SA,185
171769,CONGELADOS AGRICOLAS SA CONGELAGRO SA,89
171840,CONGELADOS AGRICOLAS SA CONGELAGRO SA,120
171916,CONGELADOS AGRICOLAS SA CONGELAGRO SA,85
171917,CONGELADOS AGRICOLAS SA CONGELAGRO SA,45
171924,CONGELADOS AGRICOLAS SA CONGELAGRO SA,127
172305,CONGELADOS AGRICOLAS SA CONGELAGRO SA,5
172347,CONGELADOS AGRICOLAS SA CONGELAGRO SA,111
701662,CONGELADOS AGRICOLAS SA CONGELAGRO SA,115
701673,CONGELADOS AGRICOLAS SA CONGELAGRO SA,109
701711,CONGELADOS AGRICOLAS SA CONGELAGRO SA,119
701712,CONGELADOS AGRICOLAS SA CONGELAGRO SA,112
171829,Ronald Belisario Ortiz Mena,56
172275,Ronald Belisario Ortiz Mena,54
701941,Ronald Belisario Ortiz Mena,92
151598,Jhon Alexander Martinez Moncada,73
151610,Jaime Nicolas Uribe Mazo,195
171295,Jaime Nicolas Uribe Mazo,33
150377,Jose Gerardo Agudelo Rengifo,91
151143,Ariel Montilla Daza,85
171823,Ariel Montilla Daza,65
172215,Ariel Montilla Daza,38
172055,Nicolas Alfredo Guzman Betancur,0
152492,Mauricio Nuvan Castaño,354
161325,ATLAS COPCO COLOMBIA LTDA,3
161365,ATLAS COPCO COLOMBIA LTDA,372
161366,ATLAS COPCO COLOMBIA LTDA,0
161369,ATLAS COPCO COLOMBIA LTDA,4
161376,ATLAS COPCO COLOMBIA LTDA,3
161379,ATLAS COPCO COLOMBIA LTDA,3
161380,ATLAS COPCO COLOMBIA LTDA,612
161381,ATLAS COPCO COLOMBIA LTDA,3
161382,ATLAS COPCO COLOMBIA LTDA,6
161411,ATLAS COPCO COLOMBIA LTDA,0
161414,ATLAS COPCO COLOMBIA LTDA,3
180118,ATLAS COPCO COLOMBIA LTDA,0
180122,ATLAS COPCO COLOMBIA LTDA,2389
180795,ATLAS COPCO COLOMBIA LTDA,107
180815,ATLAS COPCO COLOMBIA LTDA,37
181446,ATLAS COPCO COLOMBIA LTDA,0
181777,ATLAS COPCO COLOMBIA LTDA,5
181778,ATLAS COPCO COLOMBIA LTDA,0
500286,ATLAS COPCO COLOMBIA LTDA,6
500288,ATLAS COPCO COLOMBIA LTDA,2
500289,ATLAS COPCO COLOMBIA LTDA,2
500296,ATLAS COPCO COLOMBIA LTDA,2
500297,ATLAS COPCO COLOMBIA LTDA,5
500298,ATLAS COPCO COLOMBIA LTDA,2
500301,ATLAS COPCO COLOMBIA LTDA,179
500302,ATLAS COPCO COLOMBIA LTDA,2
500304,ATLAS COPCO COLOMBIA LTDA,34
500308,ATLAS COPCO COLOMBIA LTDA,3
500309,ATLAS COPCO COLOMBIA LTDA,2
500310,ATLAS COPCO COLOMBIA LTDA,25
500311,ATLAS COPCO COLOMBIA LTDA,289
500312,ATLAS COPCO COLOMBIA LTDA,289
500313,ATLAS COPCO COLOMBIA LTDA,290
601192,ATLAS COPCO COLOMBIA LTDA,5
601193,ATLAS COPCO COLOMBIA LTDA,276
603740,ATLAS COPCO COLOMBIA LTDA,83
701850,ATLAS COPCO COLOMBIA LTDA,51
901609,ATLAS COPCO COLOMBIA LTDA,4
902000,ATLAS COPCO COLOMBIA LTDA,4
903260,ATLAS COPCO COLOMBIA LTDA,4
903261,ATLAS COPCO COLOMBIA LTDA,4
903262,ATLAS COPCO COLOMBIA LTDA,106
903268,ATLAS COPCO COLOMBIA LTDA,70
903269,ATLAS COPCO COLOMBIA LTDA,67
903270,ATLAS COPCO COLOMBIA LTDA,124
903272,ATLAS COPCO COLOMBIA LTDA,141
903423,ATLAS COPCO COLOMBIA LTDA,0
904068,ATLAS COPCO COLOMBIA LTDA,2
904070,ATLAS COPCO COLOMBIA LTDA,2
905006,ATLAS COPCO COLOMBIA LTDA,610
905035,ATLAS COPCO COLOMBIA LTDA,2
903131,QUICK HELP SAS,605
903560,QUICK HELP SAS,771
904540,QUICK HELP SAS,204
152491,CARROCERIAS PANAMERICANA S.A.S.,1456
151734,Carlos Andres Molina Peña,121
152510,Denis Astris Escobar,36
152506,Lily Yojana Ortiz Naranjo,101
171443,Lily Yojana Ortiz Naranjo,2
200271,EL CORTESANO S.A.,552
200275,EL CORTESANO S.A.,530
200276,EL CORTESANO S.A.,559
200277,EL CORTESANO S.A.,534
200278,EL CORTESANO S.A.,301
200252,EMPRESA SOCIAL DEL ESTADO VIDA SINU,301
200253,EMPRESA SOCIAL DEL ESTADO VIDA SINU,307
200254,EMPRESA SOCIAL DEL ESTADO VIDA SINU,312
200255,EMPRESA SOCIAL DEL ESTADO VIDA SINU,291
200256,EMPRESA SOCIAL DEL ESTADO VIDA SINU,301
200257,EMPRESA SOCIAL DEL ESTADO VIDA SINU,291
200258,EMPRESA SOCIAL DEL ESTADO VIDA SINU,289
200259,EMPRESA SOCIAL DEL ESTADO VIDA SINU,299
200260,EMPRESA SOCIAL DEL ESTADO VIDA SINU,293
200261,EMPRESA SOCIAL DEL ESTADO VIDA SINU,289
200262,EMPRESA SOCIAL DEL ESTADO VIDA SINU,291
200263,EMPRESA SOCIAL DEL ESTADO VIDA SINU,297
200264,EMPRESA SOCIAL DEL ESTADO VIDA SINU,297
200265,EMPRESA SOCIAL DEL ESTADO VIDA SINU,0
210011,EMPRESA SOCIAL DEL ESTADO VIDA SINU,291
210012,EMPRESA SOCIAL DEL ESTADO VIDA SINU,293
152526,SICTE SAS,26
152535,Jose Noel Tapiero Rodriguez,12
161049,Leidy Jhoana Oviedo Burbano,1088
152498,Ruben Dario Yepes Florez,25
152537,Ruben Dario Yepes Florez,100
170181,Ruben Dario Yepes Florez,63
170447,Ruben Dario Yepes Florez,20
152499,TRANSPORTES AVICOLAS NACIONALES DE COLOMBIA SAS,155
152500,TRANSPORTES AVICOLAS NACIONALES DE COLOMBIA SAS,0
152501,TRANSPORTES AVICOLAS NACIONALES DE COLOMBIA SAS,205
152504,TRANSPORTES AVICOLAS NACIONALES DE COLOMBIA SAS,236
152520,TRANSPORTES AVICOLAS NACIONALES DE COLOMBIA SAS,252
152522,TRANSPORTES AVICOLAS NACIONALES DE COLOMBIA SAS,209
170047,TRANSPORTES AVICOLAS NACIONALES DE COLOMBIA SAS,189
170259,TRANSPORTES AVICOLAS NACIONALES DE COLOMBIA SAS,211
170511,TRANSPORTES AVICOLAS NACIONALES DE COLOMBIA SAS,243
170566,TRANSPORTES AVICOLAS NACIONALES DE COLOMBIA SAS,250
170576,TRANSPORTES AVICOLAS NACIONALES DE COLOMBIA SAS,304
170577,TRANSPORTES AVICOLAS NACIONALES DE COLOMBIA SAS,241
170578,TRANSPORTES AVICOLAS NACIONALES DE COLOMBIA SAS,234
170751,TRANSPORTES AVICOLAS NACIONALES DE COLOMBIA SAS,236
170793,TRANSPORTES AVICOLAS NACIONALES DE COLOMBIA SAS,236
170818,TRANSPORTES AVICOLAS NACIONALES DE COLOMBIA SAS,240
170820,TRANSPORTES AVICOLAS NACIONALES DE COLOMBIA SAS,247
170840,TRANSPORTES AVICOLAS NACIONALES DE COLOMBIA SAS,177
170889,TRANSPORTES AVICOLAS NACIONALES DE COLOMBIA SAS,243
170890,TRANSPORTES AVICOLAS NACIONALES DE COLOMBIA SAS,201
170892,TRANSPORTES AVICOLAS NACIONALES DE COLOMBIA SAS,191
170896,TRANSPORTES AVICOLAS NACIONALES DE COLOMBIA SAS,171
171007,TRANSPORTES AVICOLAS NACIONALES DE COLOMBIA SAS,240
171218,TRANSPORTES AVICOLAS NACIONALES DE COLOMBIA SAS,205
171219,TRANSPORTES AVICOLAS NACIONALES DE COLOMBIA SAS,0
171563,TRANSPORTES AVICOLAS NACIONALES DE COLOMBIA SAS,211
171704,TRANSPORTES AVICOLAS NACIONALES DE COLOMBIA SAS,255
172390,TRANSPORTES AVICOLAS NACIONALES DE COLOMBIA SAS,237
172829,TRANSPORTES AVICOLAS NACIONALES DE COLOMBIA SAS,248
172926,TRANSPORTES AVICOLAS NACIONALES DE COLOMBIA SAS,206
172928,TRANSPORTES AVICOLAS NACIONALES DE COLOMBIA SAS,5
172929,TRANSPORTES AVICOLAS NACIONALES DE COLOMBIA SAS,102
172930,TRANSPORTES AVICOLAS NACIONALES DE COLOMBIA SAS,1138
172931,TRANSPORTES AVICOLAS NACIONALES DE COLOMBIA SAS,498
172932,TRANSPORTES AVICOLAS NACIONALES DE COLOMBIA SAS,271
180940,TRANSPORTES AVICOLAS NACIONALES DE COLOMBIA SAS,211
181251,TRANSPORTES AVICOLAS NACIONALES DE COLOMBIA SAS,241
181343,TRANSPORTES AVICOLAS NACIONALES DE COLOMBIA SAS,258
181344,TRANSPORTES AVICOLAS NACIONALES DE COLOMBIA SAS,209
400219,TRANSPORTES AVICOLAS NACIONALES DE COLOMBIA SAS,187
400599,TRANSPORTES AVICOLAS NACIONALES DE COLOMBIA SAS,387
701209,TRANSPORTES AVICOLAS NACIONALES DE COLOMBIA SAS,161
701210,TRANSPORTES AVICOLAS NACIONALES DE COLOMBIA SAS,95
701318,TRANSPORTES AVICOLAS NACIONALES DE COLOMBIA SAS,71
701340,TRANSPORTES AVICOLAS NACIONALES DE COLOMBIA SAS,102
701357,TRANSPORTES AVICOLAS NACIONALES DE COLOMBIA SAS,4
701358,TRANSPORTES AVICOLAS NACIONALES DE COLOMBIA SAS,5
701359,TRANSPORTES AVICOLAS NACIONALES DE COLOMBIA SAS,172
701360,TRANSPORTES AVICOLAS NACIONALES DE COLOMBIA SAS,48
701371,TRANSPORTES AVICOLAS NACIONALES DE COLOMBIA SAS,4
701372,TRANSPORTES AVICOLAS NACIONALES DE COLOMBIA SAS,0
701373,TRANSPORTES AVICOLAS NACIONALES DE COLOMBIA SAS,4
701374,TRANSPORTES AVICOLAS NACIONALES DE COLOMBIA SAS,417
701376,TRANSPORTES AVICOLAS NACIONALES DE COLOMBIA SAS,107
701377,TRANSPORTES AVICOLAS NACIONALES DE COLOMBIA SAS,42
701381,TRANSPORTES AVICOLAS NACIONALES DE COLOMBIA SAS,21
701384,TRANSPORTES AVICOLAS NACIONALES DE COLOMBIA SAS,24
